id_partner,statement_date,statement_nr,marketplace,order_nr,item_nr,brand_en,product_title_en,brand_ar,product_title_ar,awb_nr,sku,partner_sku,fee_name,item_status,ordered_date,shipped_date,delivered_date,currency_code,net_proceeds,referral_fee,fbn_outbound_fee,noon_markup,noon_promo,shipping_fee,other_amounts,total_payment
38594,2024-11-13,PS-38594-AE20241113,noon,,,,,,,,,,Advertising Fee,shipped,,,,AED,0.0,0.0,0.0,0,0.0,0.0,-40.25,-40.25
38594,2024-11-13,PS-38594-AE20241113,noon,,,,,,,,,,VAT Payable,shipped,,,,AED,0.0,0.0,0.0,0,0.0,0.0,-14.97,-14.97
38594,2024-11-13,PS-38594-AE20241113,noon,,,,,,,,,,Non-saleable Item Storage Fee,shipped,,,,AED,0.0,0.0,0.0,0,0.0,0.0,-3.6042,-3.6042
38594,2024-11-13,PS-38594-AE20241113,noon,NAEGB0064332875,NAEGB0064332875-1,Lenovo,"Renewed - Thinkpad T440 Laptop With 14-Inch Display,Intel Core i5 Processor/4th GEN/8GB RAM/256GB SSD/Windows 10 black",لينوفو,تم تجديده - كمبيوتر محمول Thinkpad T440 بشاشة مقاس 14 بوصة، ومعالج Intel Core i5/الجيل الرابع/ذاكرة وصول عشوائي سعة 8 جيجابايت/محرك أقراص ثابتة سعة 500 جيجابايت/نظام تشغيل Windows,PF95984590528A,N46137174A,46137174,Order,delivered,11/6/2024,11/6/2024,11/6/2024,AED,331.0,-36.41,-13.5,0,0.0,0.0,0.0,281.09
38594,2024-11-13,PS-38594-AE20241113,noon,NAEGB0023661785,NAEGB0023661785-1,Lenovo,"Renewed - Thinkpad T440 Laptop With 14-Inch Display,Intel Core i5 Processor/4th GEN/8GB RAM/256GB SSD/Windows 10 black",لينوفو,تم تجديده - كمبيوتر محمول Thinkpad T440 بشاشة مقاس 14 بوصة، ومعالج Intel Core i5/الجيل الرابع/ذاكرة وصول عشوائي سعة 8 جيجابايت/محرك أقراص ثابتة سعة 500 جيجابايت/نظام تشغيل Windows,PF94423840885A,N46137174A,46137174,Order,delivered,11/8/2024,11/9/2024,11/10/2024,AED,315.0,-34.65,-13.5,0,0.0,0.0,0.0,266.85
38594,2024-11-13,PS-38594-AE20241113,noon,NAEGB0015036025,NAEGB0015036025-1,Lenovo,"Renewed - Thinkpad T440 Laptop With 14-Inch Display,Intel Core i5 Processor/4th GEN/8GB RAM/256GB SSD/Windows 10 black",لينوفو,تم تجديده - كمبيوتر محمول Thinkpad T440 بشاشة مقاس 14 بوصة، ومعالج Intel Core i5/الجيل الرابع/ذاكرة وصول عشوائي سعة 8 جيجابايت/محرك أقراص ثابتة سعة 500 جيجابايت/نظام تشغيل Windows,PF95471513770A,N46137174A,46137174,Order,delivered,11/12/2024,11/12/2024,11/13/2024,AED,0.0,0.0,-13.5,0,0.0,0.0,0.0,-13.5
38594,2024-11-13,PS-38594-AE20241113,noon,NAEGB0050301440,NAEGB0050301440-1,Lenovo,"Renewed - Thinkpad T440 Laptop With 14-Inch Display,Intel Core i5 Processor/4th GEN/8GB RAM/256GB SSD/Windows 10 black",لينوفو,تم تجديده - كمبيوتر محمول Thinkpad T440 بشاشة مقاس 14 بوصة، ومعالج Intel Core i5/الجيل الرابع/ذاكرة وصول عشوائي سعة 8 جيجابايت/محرك أقراص ثابتة سعة 500 جيجابايت/نظام تشغيل Windows,PFA8216259921A,N46137174A,46137174,Order,delivered,11/11/2024,11/11/2024,11/12/2024,AED,315.0,-34.65,-13.5,0,0.0,0.0,0.0,266.85
38594,2024-11-13,PS-38594-AE20241113,noon,NAEGB0058475633,NAEGB0058475633-1,Lenovo,"Renewed - Thinkpad T440 Laptop With 14-Inch Display,Intel Core i5 Processor/4th GEN/8GB RAM/256GB SSD/Windows 10 black",لينوفو,تم تجديده - كمبيوتر محمول Thinkpad T440 بشاشة مقاس 14 بوصة، ومعالج Intel Core i5/الجيل الرابع/ذاكرة وصول عشوائي سعة 8 جيجابايت/محرك أقراص ثابتة سعة 500 جيجابايت/نظام تشغيل Windows,PFA3343074855A,N46137174A,46137174,Order,delivered,11/12/2024,11/12/2024,11/13/2024,AED,0.0,0.0,-13.5,0,0.0,0.0,0.0,-13.5
38594,2024-11-13,PS-38594-AE20241113,noon,NAEGB0046601121,NAEGB0046601121-1,Lenovo,"Renewed - ThinkPad T470 Laptop With 14-Inch Display,Intel Corei5 Processor/6th Gen/8GB RAM/256GB SSD/Intel HD Graphics Black",لينوفو,مُجدد - لابتوب ثينك باد T470 بشاشة مقاس 14 بوصة ومعالج إنتل كور i5 من الجيل السادس ومزود بذاكرة رام سعة 8 جيجابايت ومحرك أقراص SSD سعة 256 جيجابايت وبطاقة رسومات إنتل بدقة عالية الوضوح أسود,PF94590869259A,N49798236A,49798236,Order,returned,11/11/2024,11/11/2024,11/12/2024,AED,449.2,-49.412,-11.5,0,0.0,0.0,0.0,388.288
38594,2024-11-13,PS-38594-AE20241113,noon,NAEGB0066331662,NAEGB0066331662-2,Lenovo,"Refurbished - Thinkpad T450 Notebook Laptop With 14-Inch Display,Intel Core i5 Processor/5th Gen/16GB RAM/256GB SSD/Intel HD Graphics 5550 English Black",لينوفو,مستعمل ومجدد - لابتوب نوت بوك ثينك باد T450 (2015) بشاشة مقاس 14 بوصة ومعالج إنتل كور i5/ الجيل الخامس/ ذاكرة رام سعة 16 جيجابايت/ محرك أقراص SSD سعة 240 جيجابايت/ بطاقة رسومات إنتل 5550 عالية الوضوح سعة 1 جيجابايت اللغة الإنجليزية أسود,PF15172904373A,N51438096A,51438096,Order,delivered,11/8/2024,11/9/2024,11/9/2024,AED,365.0,-40.15,-11.5,0,0.0,0.0,0.0,313.35
38594,2024-11-13,PS-38594-AE20241113,noon,NAEGB0030419251,NAEGB0030419251-1,Lenovo,"Refurbished - Thinkpad T450 Notebook Laptop With 14-Inch Display,Intel Core i5 Processor/5th Gen/16GB RAM/256GB SSD/Intel HD Graphics 5550 English Black",لينوفو,مستعمل ومجدد - لابتوب نوت بوك ثينك باد T450 (2015) بشاشة مقاس 14 بوصة ومعالج إنتل كور i5/ الجيل الخامس/ ذاكرة رام سعة 16 جيجابايت/ محرك أقراص SSD سعة 240 جيجابايت/ بطاقة رسومات إنتل 5550 عالية الوضوح سعة 1 جيجابايت اللغة الإنجليزية أسود,PFA7596606393A,N51438096A,51438096,Order,delivered,11/5/2024,11/6/2024,11/7/2024,AED,298.4,-41.074,-11.5,0,71.43,0.0,0.0,317.256
38594,2024-11-13,PS-38594-AE20241113,noon,NAEGB0003680136,NAEGB0003680136-1,Lenovo,"Renewed - ThinkPad T450s Laptop With 14-Inch Display,Intel Core i5 Processor/5th Gen/8GB RAM/256GB SSD/5500MB Intel HD Graphics/Windows 10 Pro Black",لينوفو,لابتوب ثينك باد مجدد T450s مع شاشة 14 بوصة ، معالج إنتل كور i5  الجيل الخامس / ذاكرة رام 8 جيجابايت / سعة تخزين 256 جيجابايت إس إس دي / إنتل يو اتش دى جرافيكس / نظام تشغيل ويندوز 10 برو أسود,PF84500180213A,N53361285A,53361285,Order,delivered,11/8/2024,11/8/2024,11/9/2024,AED,335.0,-36.85,-13.5,0,0.0,0.0,0.0,284.65
38594,2024-11-13,PS-38594-AE20241113,noon,NAEGB0060783489,NAEGB0060783489-1,Lenovo,"Renewed - ThinkPad T450s Laptop With 14-Inch Display,Intel Core i5 Processor/5th Gen/8GB RAM/256GB SSD/5500MB Intel HD Graphics/Windows 10 Pro Black",لينوفو,لابتوب ثينك باد مجدد T450s مع شاشة 14 بوصة ، معالج إنتل كور i5  الجيل الخامس / ذاكرة رام 8 جيجابايت / سعة تخزين 256 جيجابايت إس إس دي / إنتل يو اتش دى جرافيكس / نظام تشغيل ويندوز 10 برو أسود,PFA9465764491A,N53361285A,53361285,Order,delivered,11/2/2024,11/2/2024,11/7/2024,AED,358.25,-39.4075,0.0,0,0.0,0.0,0.0,318.8425
38594,2024-11-13,PS-38594-AE20241113,noon,NAEGB0039594571,NAEGB0039594571-1,Lenovo,"Renewed - ThinkPad T450s Laptop With 14-Inch Display,Intel Core i5 Processor/5th Gen/8GB RAM/256GB SSD/5500MB Intel HD Graphics/Windows 10 Pro Black",لينوفو,لابتوب ثينك باد مجدد T450s مع شاشة 14 بوصة ، معالج إنتل كور i5  الجيل الخامس / ذاكرة رام 8 جيجابايت / سعة تخزين 256 جيجابايت إس إس دي / إنتل يو اتش دى جرافيكس / نظام تشغيل ويندوز 10 برو أسود,PF87673731777A,N53361285A,53361285,Order,delivered,11/8/2024,11/8/2024,11/9/2024,AED,268.0,-36.85,-13.5,0,63.81,0.0,0.0,281.46
38594,2024-11-13,PS-38594-AE20241113,noon,NAEGB0046295387,NAEGB0046295387-1,Apple,"Renewed - Macbook Pro A1708 (2017) Laptop With 13.3-Inch Display,Intel Core i5 Processor/7th Gen/8GB RAM/256GB SSD/1.5GB Intel Iris Plus Graphics English Space Grey",أبل,تم تجديده - كمبيوتر محمول Macbook Pro A1708 (2017) بشاشة مقاس 13.3 بوصة ومعالج Intel Core i5/الجيل السابع/ذاكرة وصول عشوائي 8 جيجابايت/محرك أقراص SSD سعة 256 جيجابايت/بطاقة رسومات Intel Iris Plus سعة 1.5 جيجابايت,PE15232428485A,N70002128V-1,70002128V,Order,returned,11/1/2024,11/4/2024,11/5/2024,AED,-1350.0,87.75,0.0,0,0.0,0.0,0.0,-1262.25
38594,2024-11-15,PS-38594-AE20241115,noon,,,,,,,,,,Return Administration Fee Subsidy,shipped,,,,AED,0.0,0.0,0.0,0,0.0,0.0,15.0,15.0
38594,2024-11-15,PS-38594-AE20241115,noon,,,,,,,,,,VAT Payable,shipped,,,,AED,0.0,0.0,0.0,0,0.0,0.0,-3.3,-3.3
38594,2024-11-15,PS-38594-AE20241115,noon,,,,,,,,,,Return Administration Fee,shipped,,,,AED,0.0,0.0,0.0,0,0.0,0.0,-15.0,-15.0
38594,2024-11-15,PS-38594-AE20241115,noon,,,,,,,,,,Return Administration Fee Subsidy,shipped,,,,AED,0.0,0.0,0.0,0,0.0,0.0,6.05,6.05
38594,2024-11-15,PS-38594-AE20241115,noon,,,,,,,,,,Return Administration Fee,shipped,,,,AED,0.0,0.0,0.0,0,0.0,0.0,-6.05,-6.05
38594,2024-11-15,PS-38594-AE20241115,noon,NAEGB0091773261,,,,,,PE15666813934A,,,Directship Outbound Fee,shipped,11/13/2024,,,AED,0.0,0.0,0.0,0,0.0,0.0,-12.5,-12.5
38594,2024-11-15,PS-38594-AE20241115,noon,,,,,,,,,,Advertising Fee,shipped,,,,AED,0.0,0.0,0.0,0,0.0,0.0,-20.0,-20.0
38594,2024-11-15,PS-38594-AE20241115,noon,NAEGB0058475633,NAEGB0058475633-1,Lenovo,"Renewed - Thinkpad T440 Laptop With 14-Inch Display,Intel Core i5 Processor/4th GEN/8GB RAM/256GB SSD/Windows 10 black",لينوفو,تم تجديده - كمبيوتر محمول Thinkpad T440 بشاشة مقاس 14 بوصة، ومعالج Intel Core i5/الجيل الرابع/ذاكرة وصول عشوائي سعة 8 جيجابايت/محرك أقراص ثابتة سعة 500 جيجابايت/نظام تشغيل Windows,PFA3343074855A,N46137174A,46137174,Order,delivered,11/12/2024,11/12/2024,11/13/2024,AED,252.0,-34.65,0.0,0,60.0,0.0,0.0,277.35
38594,2024-11-15,PS-38594-AE20241115,noon,NAEGB0015036025,NAEGB0015036025-1,Lenovo,"Renewed - Thinkpad T440 Laptop With 14-Inch Display,Intel Core i5 Processor/4th GEN/8GB RAM/256GB SSD/Windows 10 black",لينوفو,تم تجديده - كمبيوتر محمول Thinkpad T440 بشاشة مقاس 14 بوصة، ومعالج Intel Core i5/الجيل الرابع/ذاكرة وصول عشوائي سعة 8 جيجابايت/محرك أقراص ثابتة سعة 500 جيجابايت/نظام تشغيل Windows,PF95471513770A,N46137174A,46137174,Order,delivered,11/12/2024,11/12/2024,11/13/2024,AED,315.0,-34.65,0.0,0,0.0,0.0,0.0,280.35
38594,2024-11-15,PS-38594-AE20241115,noon,NAEGB0091773261,NAEGB0091773261-1,HP,Renewed - 65W C type Pin AC Adapter Black With Cable Black,إتش بي,Renewed - 65W C type Pin AC Adapter Black With Cable Black,PE15666813934A,N70110412V-1,70110412,Order,delivered,11/13/2024,11/14/2024,11/15/2024,AED,70.0,-9.1,0.0,0,0.0,0.0,0.0,60.9
38594,2024-11-20,PS-38594-AE20241120,noon,,,,,,,,,,VAT Payable,shipped,,,,AED,0.0,0.0,0.0,0,0.0,0.0,2.46,2.46
38594,2024-11-20,PS-38594-AE20241120,noon,,,,,,,,,,Return Administration Fee,shipped,,,,AED,0.0,0.0,0.0,0,0.0,0.0,-9.88,-9.88
38594,2024-11-20,PS-38594-AE20241120,noon,NAEGB0046601121,NAEGB0046601121-1,Lenovo,"Renewed - ThinkPad T470 Laptop With 14-Inch Display,Intel Corei5 Processor/6th Gen/8GB RAM/256GB SSD/Intel HD Graphics Black",لينوفو,مُجدد - لابتوب ثينك باد T470 بشاشة مقاس 14 بوصة ومعالج إنتل كور i5 من الجيل السادس ومزود بذاكرة رام سعة 8 جيجابايت ومحرك أقراص SSD سعة 256 جيجابايت وبطاقة رسومات إنتل بدقة عالية الوضوح أسود,PF94590869259A,N49798236A,49798236,Order,returned,11/11/2024,11/11/2024,11/12/2024,AED,-449.2,49.412,0.0,0,0.0,0.0,0.0,-399.788
38594,2024-11-20,PS-38594-AE20241120,noon,NAEGB0091773261,NAEGB0091773261-1,HP,Renewed - 65W C type Pin AC Adapter Black With Cable Black,إتش بي,Renewed - 65W C type Pin AC Adapter Black With Cable Black,PE15666813934A,N70110412V-1,70110412,Order,delivered,11/13/2024,11/14/2024,11/15/2024,AED,0.0,0.0,0.0,0,0.0,9.523809524,0.0,9.523809524
38594,2024-11-30,PS-38594-AE20241130,noon,,,,,,,,,,VAT Payable,shipped,,,,AED,0.0,0.0,0.0,0,0.0,0.0,-21.14,-21.14
38594,2024-11-30,PS-38594-AE20241130,noon,NAEGB0008702877,NAEGB0008702877-1,Lenovo,"Refurbished - Thinkpad T450 Notebook Laptop With 14-Inch Display,Intel Core i5 Processor/5th Gen/16GB RAM/256GB SSD/Intel HD Graphics 5550 English Black",لينوفو,مستعمل ومجدد - لابتوب نوت بوك ثينك باد T450 (2015) بشاشة مقاس 14 بوصة ومعالج إنتل كور i5/ الجيل الخامس/ ذاكرة رام سعة 16 جيجابايت/ محرك أقراص SSD سعة 240 جيجابايت/ بطاقة رسومات إنتل 5550 عالية الوضوح سعة 1 جيجابايت اللغة الإنجليزية أسود,PF96163641793A,N51438096A,51438096,Order,delivered,11/28/2024,11/28/2024,11/28/2024,AED,361.0,-39.71,-11.5,0,0.0,0.0,0.0,309.79
38594,2024-11-30,PS-38594-AE20241130,noon,NAEGB0020569474,NAEGB0020569474-1,Lenovo,"Refurbished - Thinkpad T450 Notebook Laptop With 14-Inch Display,Intel Core i5 Processor/5th Gen/16GB RAM/256GB SSD/Intel HD Graphics 5550 English Black",لينوفو,مستعمل ومجدد - لابتوب نوت بوك ثينك باد T450 (2015) بشاشة مقاس 14 بوصة ومعالج إنتل كور i5/ الجيل الخامس/ ذاكرة رام سعة 16 جيجابايت/ محرك أقراص SSD سعة 240 جيجابايت/ بطاقة رسومات إنتل 5550 عالية الوضوح سعة 1 جيجابايت اللغة الإنجليزية أسود,PF96124102483A,N51438096A,51438096,Order,delivered,11/27/2024,11/27/2024,11/29/2024,AED,361.0,-39.71,-11.5,0,0.0,0.0,0.0,309.79
38594,2024-11-30,PS-38594-AE20241130,noon,NAEGB0061864114,NAEGB0061864114-1,Lenovo,"Refurbished - Thinkpad T450 Notebook Laptop With 14-Inch Display,Intel Core i5 Processor/5th Gen/16GB RAM/256GB SSD/Intel HD Graphics 5550 English Black",لينوفو,مستعمل ومجدد - لابتوب نوت بوك ثينك باد T450 (2015) بشاشة مقاس 14 بوصة ومعالج إنتل كور i5/ الجيل الخامس/ ذاكرة رام سعة 16 جيجابايت/ محرك أقراص SSD سعة 240 جيجابايت/ بطاقة رسومات إنتل 5550 عالية الوضوح سعة 1 جيجابايت اللغة الإنجليزية أسود,PFA2035914157A,N51438096A,51438096,Order,delivered,11/29/2024,11/29/2024,11/30/2024,AED,361.0,-39.71,-11.5,0,0.0,0.0,0.0,309.79
38594,2024-11-30,PS-38594-AE20241130,noon,NAEGB0000003297,NAEGB0000003297-1,Lenovo,"Renewed - ThinkPad T450s Laptop With 14-Inch Display,Intel Core i5 Processor/5th Gen/8GB RAM/256GB SSD/5500MB Intel HD Graphics/Windows 10 Pro Black",لينوفو,لابتوب ثينك باد مجدد T450s مع شاشة 14 بوصة ، معالج إنتل كور i5  الجيل الخامس / ذاكرة رام 8 جيجابايت / سعة تخزين 256 جيجابايت إس إس دي / إنتل يو اتش دى جرافيكس / نظام تشغيل ويندوز 10 برو أسود,PFA9930728930A,N53361285A,53361285,Order,delivered,11/28/2024,11/28/2024,12/1/2024,AED,0.0,0.0,-13.5,0,0.0,0.0,0.0,-13.5
38594,2024-11-30,PS-38594-AE20241130,noon,NAEGB0003953449,NAEGB0003953449-2,Lenovo,"Renewed - ThinkPad T450s Laptop With 14-Inch Display,Intel Core i5 Processor/5th Gen/8GB RAM/256GB SSD/5500MB Intel HD Graphics/Windows 10 Pro Black",لينوفو,لابتوب ثينك باد مجدد T450s مع شاشة 14 بوصة ، معالج إنتل كور i5  الجيل الخامس / ذاكرة رام 8 جيجابايت / سعة تخزين 256 جيجابايت إس إس دي / إنتل يو اتش دى جرافيكس / نظام تشغيل ويندوز 10 برو أسود,PF93876835578A,N53361285A,53361285,Order,returned,11/27/2024,11/27/2024,11/28/2024,AED,342.0,-37.62,-13.5,0,0.0,0.0,0.0,290.88
38594,2024-11-30,PS-38594-AE20241130,noon,NAEGB0043549816,NAEGB0043549816-1,Lenovo,"Renewed - ThinkPad T450s Laptop With 14-Inch Display,Intel Core i5 Processor/5th Gen/8GB RAM/256GB SSD/5500MB Intel HD Graphics/Windows 10 Pro Black",لينوفو,لابتوب ثينك باد مجدد T450s مع شاشة 14 بوصة ، معالج إنتل كور i5  الجيل الخامس / ذاكرة رام 8 جيجابايت / سعة تخزين 256 جيجابايت إس إس دي / إنتل يو اتش دى جرافيكس / نظام تشغيل ويندوز 10 برو أسود,PFA5807979986A,N53361285A,53361285,Order,delivered,11/27/2024,11/27/2024,11/28/2024,AED,342.0,-37.62,-13.5,0,0.0,0.0,0.0,290.88
38594,2024-11-30,PS-38594-AE20241130,noon,NAEGB0004057941,NAEGB0004057941-1,Lenovo,"Renewed - ThinkPad T450s Laptop With 14-Inch Display,Intel Core i5 Processor/5th Gen/8GB RAM/256GB SSD/5500MB Intel HD Graphics/Windows 10 Pro Black",لينوفو,لابتوب ثينك باد مجدد T450s مع شاشة 14 بوصة ، معالج إنتل كور i5  الجيل الخامس / ذاكرة رام 8 جيجابايت / سعة تخزين 256 جيجابايت إس إس دي / إنتل يو اتش دى جرافيكس / نظام تشغيل ويندوز 10 برو أسود,PF93972755900A,N53361285A,53361285,Order,delivered,11/27/2024,11/28/2024,11/29/2024,AED,342.0,-37.62,-13.5,0,0.0,0.0,0.0,290.88
38594,2024-11-30,PS-38594-AE20241130,noon,NAEGB0080918715,NAEGB0080918715-2,Lenovo,"Renewed - ThinkPad T450s Laptop With 14-Inch Display,Intel Core i5 Processor/5th Gen/8GB RAM/256GB SSD/5500MB Intel HD Graphics/Windows 10 Pro Black",لينوفو,لابتوب ثينك باد مجدد T450s مع شاشة 14 بوصة ، معالج إنتل كور i5  الجيل الخامس / ذاكرة رام 8 جيجابايت / سعة تخزين 256 جيجابايت إس إس دي / إنتل يو اتش دى جرافيكس / نظام تشغيل ويندوز 10 برو أسود,PFA8420208438A,N53361285A,53361285,Order,delivered,11/27/2024,11/27/2024,11/28/2024,AED,342.0,-37.62,-13.5,0,0.0,0.0,0.0,290.88
38594,2024-11-30,PS-38594-AE20241130,noon,NAEGB0060558423,NAEGB0060558423-1,Lenovo,"Renewed - ThinkPad T450s Laptop With 14-Inch Display,Intel Core i5 Processor/5th Gen/8GB RAM/256GB SSD/5500MB Intel HD Graphics/Windows 10 Pro Black",لينوفو,لابتوب ثينك باد مجدد T450s مع شاشة 14 بوصة ، معالج إنتل كور i5  الجيل الخامس / ذاكرة رام 8 جيجابايت / سعة تخزين 256 جيجابايت إس إس دي / إنتل يو اتش دى جرافيكس / نظام تشغيل ويندوز 10 برو أسود,PF99906192783A,N53361285A,53361285,Order,returned,11/28/2024,11/28/2024,11/29/2024,AED,342.0,-37.62,-13.5,0,0.0,0.0,0.0,290.88
38594,2024-12-04,PS-38594-AE20241204,noon,,,,,,,,,,Monthly Storage Fee,shipped,,,,AED,0.0,0.0,0.0,0,0.0,0.0,-2.2054,-2.2054
38594,2024-12-04,PS-38594-AE20241204,noon,,,,,,,,,,VAT Payable,shipped,,,,AED,0.0,0.0,0.0,0,0.0,0.0,-1.3,-1.3
38594,2024-12-04,PS-38594-AE20241204,noon,NAEGB0000817838,NAEGB0000817838-1,Lenovo,"Refurbished - Thinkpad T450 Notebook Laptop With 14-Inch Display,Intel Core i5 Processor/5th Gen/16GB RAM/256GB SSD/Intel HD Graphics 5550 English Black",لينوفو,مستعمل ومجدد - لابتوب نوت بوك ثينك باد T450 (2015) بشاشة مقاس 14 بوصة ومعالج إنتل كور i5/ الجيل الخامس/ ذاكرة رام سعة 16 جيجابايت/ محرك أقراص SSD سعة 240 جيجابايت/ بطاقة رسومات إنتل 5550 عالية الوضوح سعة 1 جيجابايت اللغة الإنجليزية أسود,PF91134470671A,N51438096A,51438096,Order,delivered,11/30/2024,12/1/2024,12/2/2024,AED,361.0,-39.71,-11.5,0,0.0,0.0,0.0,309.79
38594,2024-12-04,PS-38594-AE20241204,noon,NAEGB0000003297,NAEGB0000003297-1,Lenovo,"Renewed - ThinkPad T450s Laptop With 14-Inch Display,Intel Core i5 Processor/5th Gen/8GB RAM/256GB SSD/5500MB Intel HD Graphics/Windows 10 Pro Black",لينوفو,لابتوب ثينك باد مجدد T450s مع شاشة 14 بوصة ، معالج إنتل كور i5  الجيل الخامس / ذاكرة رام 8 جيجابايت / سعة تخزين 256 جيجابايت إس إس دي / إنتل يو اتش دى جرافيكس / نظام تشغيل ويندوز 10 برو أسود,PFA9930728930A,N53361285A,53361285,Order,delivered,11/28/2024,11/28/2024,12/1/2024,AED,273.6,-37.62,0.0,0,65.14,0.0,0.0,301.12
38594,2024-12-11,PS-38594-AE20241211,noon,NAEGC0093904029,,,,,,PE13552853675A,,,Directship Outbound Fee,shipped,12/7/2024,,,AED,0.0,0.0,0.0,0,0.0,0.0,-15.5,-15.5
38594,2024-12-11,PS-38594-AE20241211,noon,NAEGC0072733287,,,,,,PE67179600043A,,,Directship Outbound Fee,shipped,12/8/2024,,,AED,0.0,0.0,0.0,0,0.0,0.0,-15.5,-15.5
38594,2024-12-11,PS-38594-AE20241211,noon,,,,,,,,,,VAT Payable,shipped,,,,AED,0.0,0.0,0.0,0,0.0,0.0,-4.07,-4.07
38594,2024-12-11,PS-38594-AE20241211,noon,,,,,,,,,,Inventory Removal Fee,shipped,,,,AED,0.0,0.0,0.0,0,0.0,0.0,-15.0,-15.0
38594,2024-12-11,PS-38594-AE20241211,noon,,,,,,,,,,Non-saleable Item Storage Fee,shipped,,,,AED,0.0,0.0,0.0,0,0.0,0.0,-3.6042,-3.6042
38594,2024-12-11,PS-38594-AE20241211,noon,NAEGC0093904029,NAEGC0093904029-1,Lenovo,"Refurbished - Thinkpad T450 Notebook Laptop With 14-Inch Display,Intel Core i5 Processor/5th Gen/16GB RAM/256GB SSD/Intel HD Graphics 5550 English Black",لينوفو,مستعمل ومجدد - لابتوب نوت بوك ثينك باد T450 (2015) بشاشة مقاس 14 بوصة ومعالج إنتل كور i5/ الجيل الخامس/ ذاكرة رام سعة 16 جيجابايت/ محرك أقراص SSD سعة 240 جيجابايت/ بطاقة رسومات إنتل 5550 عالية الوضوح سعة 1 جيجابايت اللغة الإنجليزية أسود,PE13552853675A,N51438096A,51438096,Order,delivered,12/7/2024,12/9/2024,12/10/2024,AED,359.0,-39.49,0.0,0,0.0,4.761904762,0.0,324.2719048
38594,2024-12-11,PS-38594-AE20241211,noon,NAEGC0072733287,NAEGC0072733287-1,Lenovo,"Refurbished - Thinkpad T450 Notebook Laptop With 14-Inch Display,Intel Core i5 Processor/5th Gen/16GB RAM/256GB SSD/Intel HD Graphics 5550 English Black",لينوفو,مستعمل ومجدد - لابتوب نوت بوك ثينك باد T450 (2015) بشاشة مقاس 14 بوصة ومعالج إنتل كور i5/ الجيل الخامس/ ذاكرة رام سعة 16 جيجابايت/ محرك أقراص SSD سعة 240 جيجابايت/ بطاقة رسومات إنتل 5550 عالية الوضوح سعة 1 جيجابايت اللغة الإنجليزية أسود,PE67179600043A,N51438096A,51438096,Order,delivered,12/8/2024,12/9/2024,12/10/2024,AED,359.0,-39.49,0.0,0,0.0,4.761904762,0.0,324.2719048
38594,2024-12-11,PS-38594-AE20241211,noon,NAEGB0003953449,NAEGB0003953449-2,Lenovo,"Renewed - ThinkPad T450s Laptop With 14-Inch Display,Intel Core i5 Processor/5th Gen/8GB RAM/256GB SSD/5500MB Intel HD Graphics/Windows 10 Pro Black",لينوفو,لابتوب ثينك باد مجدد T450s مع شاشة 14 بوصة ، معالج إنتل كور i5  الجيل الخامس / ذاكرة رام 8 جيجابايت / سعة تخزين 256 جيجابايت إس إس دي / إنتل يو اتش دى جرافيكس / نظام تشغيل ويندوز 10 برو أسود,PF93876835578A,N53361285A,53361285,Order,returned,11/27/2024,11/27/2024,11/28/2024,AED,-342.0,37.62,0.0,0,0.0,0.0,0.0,-304.38
38594,2024-12-18,PS-38594-AE20241218,noon,NAEGC0050583750,,,,,,PE67221000980A,,,Directship Outbound Fee,shipped,12/11/2024,,,AED,0.0,0.0,0.0,0,0.0,0.0,-18.5,-18.5
38594,2024-12-18,PS-38594-AE20241218,noon,NAEGC0029528012,NAEGC0029528012-1,,,,,,,,Cancellation Fee,,12/13/2024,,,AED,0.0,0.0,0.0,0,0.0,0.0,-21.3,-21.3
38594,2024-12-18,PS-38594-AE20241218,noon,,,,,,,,,,VAT Payable,shipped,,,,AED,0.0,0.0,0.0,0,0.0,0.0,-40.74,-40.74
38594,2024-12-18,PS-38594-AE20241218,noon,NAEGC0022396697,,,,,,PE61685746965A,,,Directship Outbound Fee,shipped,12/11/2024,,,AED,0.0,0.0,0.0,0,0.0,0.0,-15.5,-15.5
38594,2024-12-18,PS-38594-AE20241218,noon,NAEGC0022396697,NAEGC0022396697-1,Lenovo,"Refurbished - Thinkpad T450 Notebook Laptop With 14-Inch Display,Intel Core i5 Processor/5th Gen/16GB RAM/256GB SSD/Intel HD Graphics 5550 English Black",لينوفو,مستعمل ومجدد - لابتوب نوت بوك ثينك باد T450 (2015) بشاشة مقاس 14 بوصة ومعالج إنتل كور i5/ الجيل الخامس/ ذاكرة رام سعة 16 جيجابايت/ محرك أقراص SSD سعة 240 جيجابايت/ بطاقة رسومات إنتل 5550 عالية الوضوح سعة 1 جيجابايت اللغة الإنجليزية أسود,PE61685746965A,N51438096A,51438096,Order,delivered,12/11/2024,12/12/2024,12/13/2024,AED,359.0,-39.49,0.0,0,0.0,4.761904762,0.0,324.2719048
38594,2024-12-18,PS-38594-AE20241218,noon,NAEGC0074700372,NAEGC0074700372-2,Lenovo,"Renewed - ThinkPad T450s Laptop With 14-Inch Display,Intel Core i5 Processor/5th Gen/8GB RAM/256GB SSD/5500MB Intel HD Graphics/Windows 10 Pro Black",لينوفو,لابتوب ثينك باد مجدد T450s مع شاشة 14 بوصة ، معالج إنتل كور i5  الجيل الخامس / ذاكرة رام 8 جيجابايت / سعة تخزين 256 جيجابايت إس إس دي / إنتل يو اتش دى جرافيكس / نظام تشغيل ويندوز 10 برو أسود,PF94506967628A,N53361285A,53361285,Order,delivered,12/14/2024,12/14/2024,12/15/2024,AED,355.0,-39.05,-13.5,0,0.0,0.0,0.0,302.45
38594,2024-12-18,PS-38594-AE20241218,noon,NAEGC0050583750,NAEGC0050583750-1,Lenovo,"Renewed - ThinkPad T450s Laptop With 14-Inch Display,Intel Core i5 Processor/5th Gen/8GB RAM/256GB SSD/5500MB Intel HD Graphics/Windows 10 Pro Black",لينوفو,لابتوب ثينك باد مجدد T450s مع شاشة 14 بوصة ، معالج إنتل كور i5  الجيل الخامس / ذاكرة رام 8 جيجابايت / سعة تخزين 256 جيجابايت إس إس دي / إنتل يو اتش دى جرافيكس / نظام تشغيل ويندوز 10 برو أسود,PE67221000980A,N53361285A,53361285,Order,delivered,12/11/2024,12/12/2024,12/13/2024,AED,355.0,-39.05,0.0,0,0.0,4.761904762,0.0,320.7119048
38594,2024-12-18,PS-38594-AE20241218,noon,NAEGC0056143209,NAEGC0056143209-1,Lenovo,"Renewed - ThinkPad T450s Laptop With 14-Inch Display,Intel Core i5 Processor/5th Gen/8GB RAM/256GB SSD/5500MB Intel HD Graphics/Windows 10 Pro Black",لينوفو,لابتوب ثينك باد مجدد T450s مع شاشة 14 بوصة ، معالج إنتل كور i5  الجيل الخامس / ذاكرة رام 8 جيجابايت / سعة تخزين 256 جيجابايت إس إس دي / إنتل يو اتش دى جرافيكس / نظام تشغيل ويندوز 10 برو أسود,PF92600642189A,N53361285A,53361285,Order,delivered,12/12/2024,12/12/2024,12/13/2024,AED,323.0,-35.53,-13.5,0,0.0,0.0,0.0,273.97
38594,2024-12-18,PS-38594-AE20241218,noon,NAEGC0044733139,NAEGC0044733139-2,Lenovo,"Renewed - ThinkPad T450s Laptop With 14-Inch Display,Intel Core i5 Processor/5th Gen/8GB RAM/256GB SSD/5500MB Intel HD Graphics/Windows 10 Pro Black",لينوفو,لابتوب ثينك باد مجدد T450s مع شاشة 14 بوصة ، معالج إنتل كور i5  الجيل الخامس / ذاكرة رام 8 جيجابايت / سعة تخزين 256 جيجابايت إس إس دي / إنتل يو اتش دى جرافيكس / نظام تشغيل ويندوز 10 برو أسود,PF92044031475A,N53361285A,53361285,Order,delivered,12/13/2024,12/13/2024,12/13/2024,AED,323.0,-35.53,-13.5,0,0.0,0.0,0.0,273.97
38594,2024-12-18,PS-38594-AE20241218,noon,NAEGC0001369184,NAEGC0001369184-1,Lenovo,"Renewed - ThinkPad T450s Laptop With 14-Inch Display,Intel Core i5 Processor/5th Gen/8GB RAM/256GB SSD/5500MB Intel HD Graphics/Windows 10 Pro Black",لينوفو,لابتوب ثينك باد مجدد T450s مع شاشة 14 بوصة ، معالج إنتل كور i5  الجيل الخامس / ذاكرة رام 8 جيجابايت / سعة تخزين 256 جيجابايت إس إس دي / إنتل يو اتش دى جرافيكس / نظام تشغيل ويندوز 10 برو أسود,PFA3659580019A,N53361285A,53361285,Order,delivered,12/13/2024,12/14/2024,12/15/2024,AED,323.0,-35.53,-13.5,0,0.0,0.0,0.0,273.97
38594,2024-12-18,PS-38594-AE20241218,noon,NAEGC0015147889,NAEGC0015147889-1,Lenovo,"Renewed - ThinkPad T450s Laptop With 14-Inch Display,Intel Core i5 Processor/5th Gen/8GB RAM/256GB SSD/5500MB Intel HD Graphics/Windows 10 Pro Black",لينوفو,لابتوب ثينك باد مجدد T450s مع شاشة 14 بوصة ، معالج إنتل كور i5  الجيل الخامس / ذاكرة رام 8 جيجابايت / سعة تخزين 256 جيجابايت إس إس دي / إنتل يو اتش دى جرافيكس / نظام تشغيل ويندوز 10 برو أسود,PF90068588948A,N53361285A,53361285,Order,delivered,12/14/2024,12/14/2024,12/15/2024,AED,325.0,-35.75,-13.5,0,0.0,0.0,0.0,275.75
38594,2024-12-18,PS-38594-AE20241218,noon,NAEGC0044733139,NAEGC0044733139-3,Lenovo,"Renewed - ThinkPad T450s Laptop With 14-Inch Display,Intel Core i5 Processor/5th Gen/8GB RAM/256GB SSD/5500MB Intel HD Graphics/Windows 10 Pro Black",لينوفو,لابتوب ثينك باد مجدد T450s مع شاشة 14 بوصة ، معالج إنتل كور i5  الجيل الخامس / ذاكرة رام 8 جيجابايت / سعة تخزين 256 جيجابايت إس إس دي / إنتل يو اتش دى جرافيكس / نظام تشغيل ويندوز 10 برو أسود,PF98599028947A,N53361285A,53361285,Order,delivered,12/13/2024,12/13/2024,12/13/2024,AED,323.0,-35.53,-13.5,0,0.0,0.0,0.0,273.97
38594,2024-12-18,PS-38594-AE20241218,noon,NAEGC0015147889,NAEGC0015147889-2,Lenovo,"Renewed - ThinkPad T450s Laptop With 14-Inch Display,Intel Core i5 Processor/5th Gen/8GB RAM/256GB SSD/5500MB Intel HD Graphics/Windows 10 Pro Black",لينوفو,لابتوب ثينك باد مجدد T450s مع شاشة 14 بوصة ، معالج إنتل كور i5  الجيل الخامس / ذاكرة رام 8 جيجابايت / سعة تخزين 256 جيجابايت إس إس دي / إنتل يو اتش دى جرافيكس / نظام تشغيل ويندوز 10 برو أسود,PF90068588948A,N53361285A,53361285,Order,delivered,12/14/2024,12/14/2024,12/15/2024,AED,325.0,-35.75,-13.5,0,0.0,0.0,0.0,275.75
38594,2024-12-18,PS-38594-AE20241218,noon,NAEGC0052998438,NAEGC0052998438-2,Lenovo,"Renewed - ThinkPad T450s Laptop With 14-Inch Display,Intel Core i5 Processor/5th Gen/8GB RAM/256GB SSD/5500MB Intel HD Graphics/Windows 10 Pro Black",لينوفو,لابتوب ثينك باد مجدد T450s مع شاشة 14 بوصة ، معالج إنتل كور i5  الجيل الخامس / ذاكرة رام 8 جيجابايت / سعة تخزين 256 جيجابايت إس إس دي / إنتل يو اتش دى جرافيكس / نظام تشغيل ويندوز 10 برو أسود,PFA4641946072A,N53361285A,53361285,Order,delivered,12/13/2024,12/14/2024,12/15/2024,AED,323.0,-35.53,-13.5,0,0.0,0.0,0.0,273.97
38594,2024-12-18,PS-38594-AE20241218,noon,NAEGC0060940660,NAEGC0060940660-1,Lenovo,"Renewed - ThinkPad T450s Laptop With 14-Inch Display,Intel Core i5 Processor/5th Gen/8GB RAM/256GB SSD/5500MB Intel HD Graphics/Windows 10 Pro Black",لينوفو,لابتوب ثينك باد مجدد T450s مع شاشة 14 بوصة ، معالج إنتل كور i5  الجيل الخامس / ذاكرة رام 8 جيجابايت / سعة تخزين 256 جيجابايت إس إس دي / إنتل يو اتش دى جرافيكس / نظام تشغيل ويندوز 10 برو أسود,PFA6670665223A,N53361285A,53361285,Order,delivered,12/13/2024,12/14/2024,12/15/2024,AED,323.0,-35.53,-13.5,0,0.0,0.0,0.0,273.97
38594,2024-12-18,PS-38594-AE20241218,noon,NAEGC0042456486,NAEGC0042456486-1,Lenovo,"Renewed - ThinkPad T450s Laptop With 14-Inch Display,Intel Core i5 Processor/5th Gen/8GB RAM/256GB SSD/5500MB Intel HD Graphics/Windows 10 Pro Black",لينوفو,لابتوب ثينك باد مجدد T450s مع شاشة 14 بوصة ، معالج إنتل كور i5  الجيل الخامس / ذاكرة رام 8 جيجابايت / سعة تخزين 256 جيجابايت إس إس دي / إنتل يو اتش دى جرافيكس / نظام تشغيل ويندوز 10 برو أسود,PFA8199124820A,N53361285A,53361285,Order,delivered,12/13/2024,12/14/2024,12/15/2024,AED,323.0,-35.53,-13.5,0,0.0,0.0,0.0,273.97
38594,2024-12-18,PS-38594-AE20241218,noon,NAEGC0056793828,NAEGC0056793828-1,Lenovo,"Renewed - ThinkPad T450s Laptop With 14-Inch Display,Intel Core i5 Processor/5th Gen/8GB RAM/256GB SSD/5500MB Intel HD Graphics/Windows 10 Pro Black",لينوفو,لابتوب ثينك باد مجدد T450s مع شاشة 14 بوصة ، معالج إنتل كور i5  الجيل الخامس / ذاكرة رام 8 جيجابايت / سعة تخزين 256 جيجابايت إس إس دي / إنتل يو اتش دى جرافيكس / نظام تشغيل ويندوز 10 برو أسود,PF90663008338A,N53361285A,53361285,Order,delivered,12/13/2024,12/13/2024,12/14/2024,AED,323.0,-35.53,-13.5,0,0.0,0.0,0.0,273.97
38594,2024-12-18,PS-38594-AE20241218,noon,NAEGC0082497004,NAEGC0082497004-1,Lenovo,"Renewed - ThinkPad T450s Laptop With 14-Inch Display,Intel Core i5 Processor/5th Gen/8GB RAM/256GB SSD/5500MB Intel HD Graphics/Windows 10 Pro Black",لينوفو,لابتوب ثينك باد مجدد T450s مع شاشة 14 بوصة ، معالج إنتل كور i5  الجيل الخامس / ذاكرة رام 8 جيجابايت / سعة تخزين 256 جيجابايت إس إس دي / إنتل يو اتش دى جرافيكس / نظام تشغيل ويندوز 10 برو أسود,PFA9874777075A,N53361285A,53361285,Order,returned,12/12/2024,12/12/2024,12/14/2024,AED,323.0,-35.53,-13.5,0,0.0,0.0,0.0,273.97
38594,2024-12-18,PS-38594-AE20241218,noon,NAEGC0036276092,NAEGC0036276092-1,Lenovo,"Renewed - ThinkPad T450s Laptop With 14-Inch Display,Intel Core i5 Processor/5th Gen/8GB RAM/256GB SSD/5500MB Intel HD Graphics/Windows 10 Pro Black",لينوفو,لابتوب ثينك باد مجدد T450s مع شاشة 14 بوصة ، معالج إنتل كور i5  الجيل الخامس / ذاكرة رام 8 جيجابايت / سعة تخزين 256 جيجابايت إس إس دي / إنتل يو اتش دى جرافيكس / نظام تشغيل ويندوز 10 برو أسود,PFA3483214783A,N53361285A,53361285,Order,delivered,12/12/2024,12/12/2024,12/14/2024,AED,323.0,-35.53,-13.5,0,0.0,0.0,0.0,273.97
38594,2024-12-18,PS-38594-AE20241218,noon,NAEGC0027224985,NAEGC0027224985-2,Lenovo,"Renewed - ThinkPad T450s Laptop With 14-Inch Display,Intel Core i5 Processor/5th Gen/8GB RAM/256GB SSD/5500MB Intel HD Graphics/Windows 10 Pro Black",لينوفو,لابتوب ثينك باد مجدد T450s مع شاشة 14 بوصة ، معالج إنتل كور i5  الجيل الخامس / ذاكرة رام 8 جيجابايت / سعة تخزين 256 جيجابايت إس إس دي / إنتل يو اتش دى جرافيكس / نظام تشغيل ويندوز 10 برو أسود,PF91707310804A,N53361285A,53361285,Order,delivered,12/13/2024,12/13/2024,12/14/2024,AED,323.0,-35.53,-13.5,0,0.0,0.0,0.0,273.97
38594,2024-12-25,PS-38594-AE20241225,noon,,,,,,,,,,VAT Payable,shipped,,,,AED,0.0,0.0,0.0,0,0.0,0.0,-56.45,-56.45
38594,2024-12-25,PS-38594-AE20241225,noon,,,,,,,,,,Return Administration Fee,shipped,,,,AED,0.0,0.0,0.0,0,0.0,0.0,-7.34,-7.34
38594,2024-12-25,PS-38594-AE20241225,noon,,,,,,,,,,Return Administration Fee,shipped,,,,AED,0.0,0.0,0.0,0,0.0,0.0,-7.52,-7.52
38594,2024-12-25,PS-38594-AE20241225,noon,,,,,,,,,,Return Administration Fee,shipped,,,,AED,0.0,0.0,0.0,0,0.0,0.0,-7.11,-7.11
38594,2024-12-25,PS-38594-AE20241225,noon,NAEGC0062866106,NAEGC0062866106-1,Lenovo,"Renewed - ThinkPad T450s Laptop With 14-Inch Display,Intel Core i5 Processor/5th Gen/8GB RAM/256GB SSD/5500MB Intel HD Graphics/Windows 10 Pro Black",لينوفو,لابتوب ثينك باد مجدد T450s مع شاشة 14 بوصة ، معالج إنتل كور i5  الجيل الخامس / ذاكرة رام 8 جيجابايت / سعة تخزين 256 جيجابايت إس إس دي / إنتل يو اتش دى جرافيكس / نظام تشغيل ويندوز 10 برو أسود,PF90204984299A,N53361285A,53361285,Order,delivered,12/20/2024,12/20/2024,12/20/2024,AED,333.7,-36.707,-13.5,0,0.0,0.0,0.0,283.493
38594,2024-12-25,PS-38594-AE20241225,noon,NAEGC0081806900,NAEGC0081806900-1,Lenovo,"Renewed - ThinkPad T450s Laptop With 14-Inch Display,Intel Core i5 Processor/5th Gen/8GB RAM/256GB SSD/5500MB Intel HD Graphics/Windows 10 Pro Black",لينوفو,لابتوب ثينك باد مجدد T450s مع شاشة 14 بوصة ، معالج إنتل كور i5  الجيل الخامس / ذاكرة رام 8 جيجابايت / سعة تخزين 256 جيجابايت إس إس دي / إنتل يو اتش دى جرافيكس / نظام تشغيل ويندوز 10 برو أسود,PFB8011236328A,N53361285A,53361285,Order,delivered,12/19/2024,12/19/2024,12/20/2024,AED,333.7,-36.707,-13.5,0,0.0,0.0,0.0,283.493
38594,2024-12-25,PS-38594-AE20241225,noon,NAEGB0060558423,NAEGB0060558423-1,Lenovo,"Renewed - ThinkPad T450s Laptop With 14-Inch Display,Intel Core i5 Processor/5th Gen/8GB RAM/256GB SSD/5500MB Intel HD Graphics/Windows 10 Pro Black",لينوفو,لابتوب ثينك باد مجدد T450s مع شاشة 14 بوصة ، معالج إنتل كور i5  الجيل الخامس / ذاكرة رام 8 جيجابايت / سعة تخزين 256 جيجابايت إس إس دي / إنتل يو اتش دى جرافيكس / نظام تشغيل ويندوز 10 برو أسود,PF99906192783A,N53361285A,53361285,Order,returned,11/28/2024,11/28/2024,11/29/2024,AED,-342.0,37.62,0.0,0,0.0,0.0,0.0,-304.38
38594,2024-12-25,PS-38594-AE20241225,noon,NAEGC0085630616,NAEGC0085630616-1,Lenovo,"Renewed - ThinkPad T450s Laptop With 14-Inch Display,Intel Core i5 Processor/5th Gen/8GB RAM/256GB SSD/5500MB Intel HD Graphics/Windows 10 Pro Black",لينوفو,لابتوب ثينك باد مجدد T450s مع شاشة 14 بوصة ، معالج إنتل كور i5  الجيل الخامس / ذاكرة رام 8 جيجابايت / سعة تخزين 256 جيجابايت إس إس دي / إنتل يو اتش دى جرافيكس / نظام تشغيل ويندوز 10 برو أسود,PF99501940841A,N53361285A,53361285,Order,delivered,12/20/2024,12/20/2024,12/21/2024,AED,333.7,-36.707,-13.5,0,0.0,0.0,0.0,283.493
38594,2024-12-25,PS-38594-AE20241225,noon,NAEGC0073547199,NAEGC0073547199-1,Lenovo,"Renewed - ThinkPad T450s Laptop With 14-Inch Display,Intel Core i5 Processor/5th Gen/8GB RAM/256GB SSD/5500MB Intel HD Graphics/Windows 10 Pro Black",لينوفو,لابتوب ثينك باد مجدد T450s مع شاشة 14 بوصة ، معالج إنتل كور i5  الجيل الخامس / ذاكرة رام 8 جيجابايت / سعة تخزين 256 جيجابايت إس إس دي / إنتل يو اتش دى جرافيكس / نظام تشغيل ويندوز 10 برو أسود,PF99261040991A,N53361285A,53361285,Order,returned,12/19/2024,12/20/2024,12/21/2024,AED,333.7,-36.707,-13.5,0,0.0,0.0,0.0,283.493
38594,2024-12-25,PS-38594-AE20241225,noon,NAEGC0026395912,NAEGC0026395912-1,Lenovo,"Renewed - ThinkPad T450s Laptop With 14-Inch Display,Intel Core i5 Processor/5th Gen/8GB RAM/256GB SSD/5500MB Intel HD Graphics/Windows 10 Pro Black",لينوفو,لابتوب ثينك باد مجدد T450s مع شاشة 14 بوصة ، معالج إنتل كور i5  الجيل الخامس / ذاكرة رام 8 جيجابايت / سعة تخزين 256 جيجابايت إس إس دي / إنتل يو اتش دى جرافيكس / نظام تشغيل ويندوز 10 برو أسود,PF91207619154A,N53361285A,53361285,Order,delivered,12/19/2024,12/19/2024,12/21/2024,AED,333.45,-36.6795,-13.5,0,0.0,0.0,0.0,283.2705
38594,2024-12-25,PS-38594-AE20241225,noon,NAEGC0078472650,NAEGC0078472650-1,Lenovo,"Renewed - ThinkPad T450s Laptop With 14-Inch Display,Intel Core i5 Processor/5th Gen/8GB RAM/256GB SSD/5500MB Intel HD Graphics/Windows 10 Pro Black",لينوفو,لابتوب ثينك باد مجدد T450s مع شاشة 14 بوصة ، معالج إنتل كور i5  الجيل الخامس / ذاكرة رام 8 جيجابايت / سعة تخزين 256 جيجابايت إس إس دي / إنتل يو اتش دى جرافيكس / نظام تشغيل ويندوز 10 برو أسود,PFB3618062675A,N53361285A,53361285,Order,delivered,12/23/2024,12/23/2024,12/24/2024,AED,323.0,-35.53,-13.5,0,0.0,0.0,0.0,273.97
38594,2024-12-25,PS-38594-AE20241225,noon,NAEGC0076594575,NAEGC0076594575-1,Lenovo,"Renewed - ThinkPad T450s Laptop With 14-Inch Display,Intel Core i5 Processor/5th Gen/8GB RAM/256GB SSD/5500MB Intel HD Graphics/Windows 10 Pro Black",لينوفو,لابتوب ثينك باد مجدد T450s مع شاشة 14 بوصة ، معالج إنتل كور i5  الجيل الخامس / ذاكرة رام 8 جيجابايت / سعة تخزين 256 جيجابايت إس إس دي / إنتل يو اتش دى جرافيكس / نظام تشغيل ويندوز 10 برو أسود,PF94361099111A,N53361285A,53361285,Order,delivered,12/24/2024,12/24/2024,12/25/2024,AED,333.65,-36.7015,-13.5,0,0.0,0.0,0.0,283.4485
38594,2024-12-25,PS-38594-AE20241225,noon,NAEGC0050150505,NAEGC0050150505-1,Lenovo,"Renewed - ThinkPad T450s Laptop With 14-Inch Display,Intel Core i5 Processor/5th Gen/8GB RAM/256GB SSD/5500MB Intel HD Graphics/Windows 10 Pro Black",لينوفو,لابتوب ثينك باد مجدد T450s مع شاشة 14 بوصة ، معالج إنتل كور i5  الجيل الخامس / ذاكرة رام 8 جيجابايت / سعة تخزين 256 جيجابايت إس إس دي / إنتل يو اتش دى جرافيكس / نظام تشغيل ويندوز 10 برو أسود,PF91958704822A,N53361285A,53361285,Order,returned,12/20/2024,12/20/2024,,AED,0.0,0.0,-13.5,0,0.0,0.0,0.0,-13.5
38594,2024-12-25,PS-38594-AE20241225,noon,NAEGC0001244237,NAEGC0001244237-3,Lenovo,"Renewed - ThinkPad T450s Laptop With 14-Inch Display,Intel Core i5 Processor/5th Gen/8GB RAM/256GB SSD/5500MB Intel HD Graphics/Windows 10 Pro Black",لينوفو,لابتوب ثينك باد مجدد T450s مع شاشة 14 بوصة ، معالج إنتل كور i5  الجيل الخامس / ذاكرة رام 8 جيجابايت / سعة تخزين 256 جيجابايت إس إس دي / إنتل يو اتش دى جرافيكس / نظام تشغيل ويندوز 10 برو أسود,PF98761436092A,N53361285A,53361285,Order,delivered,12/19/2024,12/19/2024,12/21/2024,AED,333.45,-36.6795,-13.5,0,0.0,0.0,0.0,283.2705
38594,2024-12-25,PS-38594-AE20241225,noon,NAEGC0074495862,NAEGC0074495862-1,Lenovo,"Renewed - ThinkPad T450s Laptop With 14-Inch Display,Intel Core i5 Processor/5th Gen/8GB RAM/256GB SSD/5500MB Intel HD Graphics/Windows 10 Pro Black",لينوفو,لابتوب ثينك باد مجدد T450s مع شاشة 14 بوصة ، معالج إنتل كور i5  الجيل الخامس / ذاكرة رام 8 جيجابايت / سعة تخزين 256 جيجابايت إس إس دي / إنتل يو اتش دى جرافيكس / نظام تشغيل ويندوز 10 برو أسود,PF93669216936A,N53361285A,53361285,Order,delivered,12/19/2024,12/19/2024,12/20/2024,AED,333.45,-36.6795,-13.5,0,0.0,0.0,0.0,283.2705
38594,2024-12-25,PS-38594-AE20241225,noon,NAEGC0097102051,NAEGC0097102051-1,Lenovo,"Renewed - ThinkPad T450s Laptop With 14-Inch Display,Intel Core i5 Processor/5th Gen/8GB RAM/256GB SSD/5500MB Intel HD Graphics/Windows 10 Pro Black",لينوفو,لابتوب ثينك باد مجدد T450s مع شاشة 14 بوصة ، معالج إنتل كور i5  الجيل الخامس / ذاكرة رام 8 جيجابايت / سعة تخزين 256 جيجابايت إس إس دي / إنتل يو اتش دى جرافيكس / نظام تشغيل ويندوز 10 برو أسود,PF95424532838A,N53361285A,53361285,Order,delivered,12/24/2024,12/24/2024,12/25/2024,AED,350.0,-38.5,-13.5,0,0.0,0.0,0.0,298.0
38594,2024-12-25,PS-38594-AE20241225,noon,NAEGC0052094106,NAEGC0052094106-1,Lenovo,"Renewed - ThinkPad T450s Laptop With 14-Inch Display,Intel Core i5 Processor/5th Gen/8GB RAM/256GB SSD/5500MB Intel HD Graphics/Windows 10 Pro Black",لينوفو,لابتوب ثينك باد مجدد T450s مع شاشة 14 بوصة ، معالج إنتل كور i5  الجيل الخامس / ذاكرة رام 8 جيجابايت / سعة تخزين 256 جيجابايت إس إس دي / إنتل يو اتش دى جرافيكس / نظام تشغيل ويندوز 10 برو أسود,PF95195857083A,N53361285A,53361285,Order,returned,12/19/2024,12/19/2024,12/20/2024,AED,0.0,0.0,-13.5,0,0.0,0.0,0.0,-13.5
38594,2024-12-25,PS-38594-AE20241225,noon,NAEGC0082497004,NAEGC0082497004-1,Lenovo,"Renewed - ThinkPad T450s Laptop With 14-Inch Display,Intel Core i5 Processor/5th Gen/8GB RAM/256GB SSD/5500MB Intel HD Graphics/Windows 10 Pro Black",لينوفو,لابتوب ثينك باد مجدد T450s مع شاشة 14 بوصة ، معالج إنتل كور i5  الجيل الخامس / ذاكرة رام 8 جيجابايت / سعة تخزين 256 جيجابايت إس إس دي / إنتل يو اتش دى جرافيكس / نظام تشغيل ويندوز 10 برو أسود,PFA9874777075A,N53361285A,53361285,Order,returned,12/12/2024,12/12/2024,12/14/2024,AED,-323.0,35.53,0.0,0,0.0,0.0,0.0,-287.47
38594,2024-12-25,PS-38594-AE20241225,noon,NAEGC0080470560,NAEGC0080470560-1,Lenovo,"Renewed - ThinkPad T450s Laptop With 14-Inch Display,Intel Core i5 Processor/5th Gen/8GB RAM/256GB SSD/5500MB Intel HD Graphics/Windows 10 Pro Black",لينوفو,لابتوب ثينك باد مجدد T450s مع شاشة 14 بوصة ، معالج إنتل كور i5  الجيل الخامس / ذاكرة رام 8 جيجابايت / سعة تخزين 256 جيجابايت إس إس دي / إنتل يو اتش دى جرافيكس / نظام تشغيل ويندوز 10 برو أسود,PFB9476219224A,N53361285A,53361285,Order,delivered,12/20/2024,12/20/2024,12/21/2024,AED,333.7,-36.707,-13.5,0,0.0,0.0,0.0,283.493
38594,2024-12-25,PS-38594-AE20241225,noon,NAEGC0066072410,NAEGC0066072410-1,Lenovo,"Renewed - ThinkPad T450s Laptop With 14-Inch Display,Intel Core i5 Processor/5th Gen/8GB RAM/256GB SSD/5500MB Intel HD Graphics/Windows 10 Pro Black",لينوفو,لابتوب ثينك باد مجدد T450s مع شاشة 14 بوصة ، معالج إنتل كور i5  الجيل الخامس / ذاكرة رام 8 جيجابايت / سعة تخزين 256 جيجابايت إس إس دي / إنتل يو اتش دى جرافيكس / نظام تشغيل ويندوز 10 برو أسود,PF95706520166A,N53361285A,53361285,Order,delivered,12/24/2024,12/24/2024,12/25/2024,AED,345.0,-37.95,-13.5,0,0.0,0.0,0.0,293.55
38594,2024-12-25,PS-38594-AE20241225,noon,NAEGC0004507340,NAEGC0004507340-1,Lenovo,"Renewed - ThinkPad T450s Laptop With 14-Inch Display,Intel Core i5 Processor/5th Gen/8GB RAM/256GB SSD/5500MB Intel HD Graphics/Windows 10 Pro Black",لينوفو,لابتوب ثينك باد مجدد T450s مع شاشة 14 بوصة ، معالج إنتل كور i5  الجيل الخامس / ذاكرة رام 8 جيجابايت / سعة تخزين 256 جيجابايت إس إس دي / إنتل يو اتش دى جرافيكس / نظام تشغيل ويندوز 10 برو أسود,PF96019446132A,N53361285A,53361285,Order,delivered,12/21/2024,12/22/2024,12/23/2024,AED,325.0,-35.75,-13.5,0,0.0,0.0,0.0,275.75
38594,2024-12-25,PS-38594-AE20241225,noon,NAEGC0078472650,NAEGC0078472650-2,Lenovo,"Renewed - ThinkPad T450s Laptop With 14-Inch Display,Intel Core i5 Processor/5th Gen/8GB RAM/256GB SSD/5500MB Intel HD Graphics/Windows 10 Pro Black",لينوفو,لابتوب ثينك باد مجدد T450s مع شاشة 14 بوصة ، معالج إنتل كور i5  الجيل الخامس / ذاكرة رام 8 جيجابايت / سعة تخزين 256 جيجابايت إس إس دي / إنتل يو اتش دى جرافيكس / نظام تشغيل ويندوز 10 برو أسود,PFB3618062675A,N53361285A,53361285,Order,delivered,12/23/2024,12/23/2024,12/24/2024,AED,323.0,-35.53,-13.5,0,0.0,0.0,0.0,273.97
38594,2024-12-25,PS-38594-AE20241225,noon,NAEGC0011003289,NAEGC0011003289-1,Lenovo,"Renewed - ThinkPad T450s Laptop With 14-Inch Display,Intel Core i5 Processor/5th Gen/8GB RAM/256GB SSD/5500MB Intel HD Graphics/Windows 10 Pro Black",لينوفو,لابتوب ثينك باد مجدد T450s مع شاشة 14 بوصة ، معالج إنتل كور i5  الجيل الخامس / ذاكرة رام 8 جيجابايت / سعة تخزين 256 جيجابايت إس إس دي / إنتل يو اتش دى جرافيكس / نظام تشغيل ويندوز 10 برو أسود,PF92065141269A,N53361285A,53361285,Order,delivered,12/20/2024,12/21/2024,12/22/2024,AED,333.7,-36.707,-13.5,0,0.0,0.0,0.0,283.493
38594,2024-12-25,PS-38594-AE20241225,noon,NAEGC0016480402,NAEGC0016480402-1,Lenovo,"Renewed - ThinkPad T450s Laptop With 14-Inch Display,Intel Core i5 Processor/5th Gen/8GB RAM/256GB SSD/5500MB Intel HD Graphics/Windows 10 Pro Black",لينوفو,لابتوب ثينك باد مجدد T450s مع شاشة 14 بوصة ، معالج إنتل كور i5  الجيل الخامس / ذاكرة رام 8 جيجابايت / سعة تخزين 256 جيجابايت إس إس دي / إنتل يو اتش دى جرافيكس / نظام تشغيل ويندوز 10 برو أسود,PFB8243496696A,N53361285A,53361285,Order,delivered,12/22/2024,12/22/2024,12/23/2024,AED,325.0,-35.75,-13.5,0,0.0,0.0,0.0,275.75
38594,2024-12-25,PS-38594-AE20241225,noon,NAEGC0027983332,NAEGC0027983332-1,Lenovo,"Renewed - ThinkPad T450s Laptop With 14-Inch Display,Intel Core i5 Processor/5th Gen/8GB RAM/256GB SSD/5500MB Intel HD Graphics/Windows 10 Pro Black",لينوفو,لابتوب ثينك باد مجدد T450s مع شاشة 14 بوصة ، معالج إنتل كور i5  الجيل الخامس / ذاكرة رام 8 جيجابايت / سعة تخزين 256 جيجابايت إس إس دي / إنتل يو اتش دى جرافيكس / نظام تشغيل ويندوز 10 برو أسود,PF95651324963A,N53361285A,53361285,Order,delivered,12/20/2024,12/21/2024,12/22/2024,AED,333.7,-36.707,-13.5,0,0.0,0.0,0.0,283.493
38594,2024-12-25,PS-38594-AE20241225,noon,NAEGC0087468020,NAEGC0087468020-1,Lenovo,"Renewed - ThinkPad T450s Laptop With 14-Inch Display,Intel Core i5 Processor/5th Gen/8GB RAM/256GB SSD/5500MB Intel HD Graphics/Windows 10 Pro Black",لينوفو,لابتوب ثينك باد مجدد T450s مع شاشة 14 بوصة ، معالج إنتل كور i5  الجيل الخامس / ذاكرة رام 8 جيجابايت / سعة تخزين 256 جيجابايت إس إس دي / إنتل يو اتش دى جرافيكس / نظام تشغيل ويندوز 10 برو أسود,PF96986315148A,N53361285A,53361285,Order,delivered,12/19/2024,12/19/2024,12/21/2024,AED,333.7,-36.707,-13.5,0,0.0,0.0,0.0,283.493
38594,2024-12-25,PS-38594-AE20241225,noon,NAEGC0027463473,NAEGC0027463473-1,Lenovo,"Renewed - ThinkPad T450s Laptop With 14-Inch Display,Intel Core i5 Processor/5th Gen/8GB RAM/256GB SSD/5500MB Intel HD Graphics/Windows 10 Pro Black",لينوفو,لابتوب ثينك باد مجدد T450s مع شاشة 14 بوصة ، معالج إنتل كور i5  الجيل الخامس / ذاكرة رام 8 جيجابايت / سعة تخزين 256 جيجابايت إس إس دي / إنتل يو اتش دى جرافيكس / نظام تشغيل ويندوز 10 برو أسود,PF94956477150A,N53361285A,53361285,Order,delivered,12/23/2024,12/23/2024,12/24/2024,AED,323.0,-35.53,-13.5,0,0.0,0.0,0.0,273.97
38594,2024-12-25,PS-38594-AE20241225,noon,NAEGC0028450486,NAEGC0028450486-1,Lenovo,"Renewed - ThinkPad T450s Laptop With 14-Inch Display,Intel Core i5 Processor/5th Gen/8GB RAM/256GB SSD/5500MB Intel HD Graphics/Windows 10 Pro Black",لينوفو,لابتوب ثينك باد مجدد T450s مع شاشة 14 بوصة ، معالج إنتل كور i5  الجيل الخامس / ذاكرة رام 8 جيجابايت / سعة تخزين 256 جيجابايت إس إس دي / إنتل يو اتش دى جرافيكس / نظام تشغيل ويندوز 10 برو أسود,PFB4077519864A,N53361285A,53361285,Order,delivered,12/19/2024,12/19/2024,12/20/2024,AED,333.7,-36.707,-13.5,0,0.0,0.0,0.0,283.493
38594,2024-12-25,PS-38594-AE20241225,noon,NAEGC0003502336,NAEGC0003502336-1,Lenovo,"Renewed - ThinkPad T450s Laptop With 14-Inch Display,Intel Core i5 Processor/5th Gen/8GB RAM/256GB SSD/5500MB Intel HD Graphics/Windows 10 Pro Black",لينوفو,لابتوب ثينك باد مجدد T450s مع شاشة 14 بوصة ، معالج إنتل كور i5  الجيل الخامس / ذاكرة رام 8 جيجابايت / سعة تخزين 256 جيجابايت إس إس دي / إنتل يو اتش دى جرافيكس / نظام تشغيل ويندوز 10 برو أسود,PF97767837182A,N53361285A,53361285,Order,delivered,12/20/2024,12/21/2024,12/22/2024,AED,333.7,-36.707,-13.5,0,0.0,0.0,0.0,283.493
38594,2024-12-25,PS-38594-AE20241225,noon,NAEGC0073044312,NAEGC0073044312-1,Lenovo,"Renewed - ThinkPad T450s Laptop With 14-Inch Display,Intel Core i5 Processor/5th Gen/8GB RAM/256GB SSD/5500MB Intel HD Graphics/Windows 10 Pro Black",لينوفو,لابتوب ثينك باد مجدد T450s مع شاشة 14 بوصة ، معالج إنتل كور i5  الجيل الخامس / ذاكرة رام 8 جيجابايت / سعة تخزين 256 جيجابايت إس إس دي / إنتل يو اتش دى جرافيكس / نظام تشغيل ويندوز 10 برو أسود,PF98646631579A,N53361285A,53361285,Order,delivered,12/24/2024,12/24/2024,12/25/2024,AED,333.65,-36.7015,-13.5,0,0.0,0.0,0.0,283.4485
38594,2024-12-25,PS-38594-AE20241225,noon,NAEGC0001497541,NAEGC0001497541-1,Lenovo,"Renewed - ThinkPad T450s Laptop With 14-Inch Display,Intel Core i5 Processor/5th Gen/8GB RAM/256GB SSD/5500MB Intel HD Graphics/Windows 10 Pro Black",لينوفو,لابتوب ثينك باد مجدد T450s مع شاشة 14 بوصة ، معالج إنتل كور i5  الجيل الخامس / ذاكرة رام 8 جيجابايت / سعة تخزين 256 جيجابايت إس إس دي / إنتل يو اتش دى جرافيكس / نظام تشغيل ويندوز 10 برو أسود,PFA2615627993A,N53361285A,53361285,Order,delivered,12/19/2024,12/19/2024,12/19/2024,AED,341.45,-37.5595,-13.5,0,0.0,0.0,0.0,290.3905
38594,2024-12-31,PS-38594-AE20241231,noon,,,,,,,,,,Inventory Removal Fee,shipped,,,,AED,0.0,0.0,0.0,0,0.0,0.0,15.0,15.0
38594,2024-12-31,PS-38594-AE20241231,noon,,,,,,,,,,Inventory Removal Fee,shipped,,,,AED,0.0,0.0,0.0,0,0.0,0.0,-316.3044,-316.3044
38594,2024-12-31,PS-38594-AE20241231,noon,,,,,,,,,,Inventory Removal Fee (Subsidy),shipped,,,,AED,0.0,0.0,0.0,0,0.0,0.0,75.0054,75.0054
38594,2024-12-31,PS-38594-AE20241231,noon,,,,,,,,,,Return Administration Fee,shipped,,,,AED,0.0,0.0,0.0,0,0.0,0.0,-7.34,-7.34
38594,2024-12-31,PS-38594-AE20241231,noon,,,,,,,,,,VAT Payable,shipped,,,,AED,0.0,0.0,0.0,0,0.0,0.0,-35.62,-35.62
38594,2024-12-31,PS-38594-AE20241231,noon,NAEGC0057774029,NAEGC0057774029-1,Lenovo,"Renewed - ThinkPad T450s Laptop With 14-Inch Display,Intel Core i5 Processor/5th Gen/8GB RAM/256GB SSD/5500MB Intel HD Graphics/Windows 10 Pro Black",لينوفو,لابتوب ثينك باد مجدد T450s مع شاشة 14 بوصة ، معالج إنتل كور i5  الجيل الخامس / ذاكرة رام 8 جيجابايت / سعة تخزين 256 جيجابايت إس إس دي / إنتل يو اتش دى جرافيكس / نظام تشغيل ويندوز 10 برو أسود,PF98182258341A,N53361285A,53361285,Order,delivered,12/29/2024,12/29/2024,12/30/2024,AED,342.0,-37.62,-13.5,0,0.0,0.0,0.0,290.88
38594,2024-12-31,PS-38594-AE20241231,noon,NAEGC0070840674,NAEGC0070840674-2,Lenovo,"Renewed - ThinkPad T450s Laptop With 14-Inch Display,Intel Core i5 Processor/5th Gen/8GB RAM/256GB SSD/5500MB Intel HD Graphics/Windows 10 Pro Black",لينوفو,لابتوب ثينك باد مجدد T450s مع شاشة 14 بوصة ، معالج إنتل كور i5  الجيل الخامس / ذاكرة رام 8 جيجابايت / سعة تخزين 256 جيجابايت إس إس دي / إنتل يو اتش دى جرافيكس / نظام تشغيل ويندوز 10 برو أسود,PF93615431992A,N53361285A,53361285,Order,delivered,12/29/2024,12/30/2024,12/31/2024,AED,342.0,-37.62,-13.5,0,0.0,0.0,0.0,290.88
38594,2024-12-31,PS-38594-AE20241231,noon,NAEGC0095790256,NAEGC0095790256-1,Lenovo,"Renewed - ThinkPad T450s Laptop With 14-Inch Display,Intel Core i5 Processor/5th Gen/8GB RAM/256GB SSD/5500MB Intel HD Graphics/Windows 10 Pro Black",لينوفو,لابتوب ثينك باد مجدد T450s مع شاشة 14 بوصة ، معالج إنتل كور i5  الجيل الخامس / ذاكرة رام 8 جيجابايت / سعة تخزين 256 جيجابايت إس إس دي / إنتل يو اتش دى جرافيكس / نظام تشغيل ويندوز 10 برو أسود,PF96596522953A,N53361285A,53361285,Order,delivered,12/29/2024,12/29/2024,12/30/2024,AED,342.0,-37.62,-13.5,0,0.0,0.0,0.0,290.88
38594,2024-12-31,PS-38594-AE20241231,noon,NAEGC0047969602,NAEGC0047969602-1,Lenovo,"Renewed - ThinkPad T450s Laptop With 14-Inch Display,Intel Core i5 Processor/5th Gen/8GB RAM/256GB SSD/5500MB Intel HD Graphics/Windows 10 Pro Black",لينوفو,لابتوب ثينك باد مجدد T450s مع شاشة 14 بوصة ، معالج إنتل كور i5  الجيل الخامس / ذاكرة رام 8 جيجابايت / سعة تخزين 256 جيجابايت إس إس دي / إنتل يو اتش دى جرافيكس / نظام تشغيل ويندوز 10 برو أسود,PF99601487736A,N53361285A,53361285,Order,delivered,12/29/2024,12/29/2024,1/1/2025,AED,0.0,0.0,-13.5,0,0.0,0.0,0.0,-13.5
38594,2024-12-31,PS-38594-AE20241231,noon,NAEGC0028651542,NAEGC0028651542-1,Lenovo,"Renewed - ThinkPad T450s Laptop With 14-Inch Display,Intel Core i5 Processor/5th Gen/8GB RAM/256GB SSD/5500MB Intel HD Graphics/Windows 10 Pro Black",لينوفو,لابتوب ثينك باد مجدد T450s مع شاشة 14 بوصة ، معالج إنتل كور i5  الجيل الخامس / ذاكرة رام 8 جيجابايت / سعة تخزين 256 جيجابايت إس إس دي / إنتل يو اتش دى جرافيكس / نظام تشغيل ويندوز 10 برو أسود,PFA3736499628A,N53361285A,53361285,Order,returned,12/28/2024,12/29/2024,12/29/2024,AED,344.75,-37.9225,-13.5,0,0.0,0.0,0.0,293.3275
38594,2024-12-31,PS-38594-AE20241231,noon,NAEGC0088872900,NAEGC0088872900-1,Lenovo,"Renewed - ThinkPad T450s Laptop With 14-Inch Display,Intel Core i5 Processor/5th Gen/8GB RAM/256GB SSD/5500MB Intel HD Graphics/Windows 10 Pro Black",لينوفو,لابتوب ثينك باد مجدد T450s مع شاشة 14 بوصة ، معالج إنتل كور i5  الجيل الخامس / ذاكرة رام 8 جيجابايت / سعة تخزين 256 جيجابايت إس إس دي / إنتل يو اتش دى جرافيكس / نظام تشغيل ويندوز 10 برو أسود,PF99292962891A,N53361285A,53361285,Order,delivered,12/28/2024,12/29/2024,12/29/2024,AED,344.75,-37.9225,-13.5,0,0.0,0.0,0.0,293.3275
38594,2024-12-31,PS-38594-AE20241231,noon,NAEGC0060936544,NAEGC0060936544-1,Lenovo,"Renewed - ThinkPad T450s Laptop With 14-Inch Display,Intel Core i5 Processor/5th Gen/8GB RAM/256GB SSD/5500MB Intel HD Graphics/Windows 10 Pro Black",لينوفو,لابتوب ثينك باد مجدد T450s مع شاشة 14 بوصة ، معالج إنتل كور i5  الجيل الخامس / ذاكرة رام 8 جيجابايت / سعة تخزين 256 جيجابايت إس إس دي / إنتل يو اتش دى جرافيكس / نظام تشغيل ويندوز 10 برو أسود,PF96700948108A,N53361285A,53361285,Order,delivered,12/29/2024,12/29/2024,12/29/2024,AED,342.0,-37.62,-13.5,0,0.0,0.0,0.0,290.88
38594,2024-12-31,PS-38594-AE20241231,noon,NAEGC0073547199,NAEGC0073547199-1,Lenovo,"Renewed - ThinkPad T450s Laptop With 14-Inch Display,Intel Core i5 Processor/5th Gen/8GB RAM/256GB SSD/5500MB Intel HD Graphics/Windows 10 Pro Black",لينوفو,لابتوب ثينك باد مجدد T450s مع شاشة 14 بوصة ، معالج إنتل كور i5  الجيل الخامس / ذاكرة رام 8 جيجابايت / سعة تخزين 256 جيجابايت إس إس دي / إنتل يو اتش دى جرافيكس / نظام تشغيل ويندوز 10 برو أسود,PF99261040991A,N53361285A,53361285,Order,returned,12/19/2024,12/20/2024,12/21/2024,AED,-333.7,36.707,0.0,0,0.0,0.0,0.0,-296.993
38594,2024-12-31,PS-38594-AE20241231,noon,NAEGC0018625685,NAEGC0018625685-1,Lenovo,"Renewed - ThinkPad T450s Laptop With 14-Inch Display,Intel Core i5 Processor/5th Gen/8GB RAM/256GB SSD/5500MB Intel HD Graphics/Windows 10 Pro Black",لينوفو,لابتوب ثينك باد مجدد T450s مع شاشة 14 بوصة ، معالج إنتل كور i5  الجيل الخامس / ذاكرة رام 8 جيجابايت / سعة تخزين 256 جيجابايت إس إس دي / إنتل يو اتش دى جرافيكس / نظام تشغيل ويندوز 10 برو أسود,PF97978796338A,N53361285A,53361285,Order,returned,12/29/2024,12/30/2024,12/31/2024,AED,0.0,0.0,-13.5,0,0.0,0.0,0.0,-13.5
38594,2024-12-31,PS-38594-AE20241231,noon,NAEGC0023465654,NAEGC0023465654-1,Lenovo,"Renewed - ThinkPad T450s Laptop With 14-Inch Display,Intel Core i5 Processor/5th Gen/8GB RAM/256GB SSD/5500MB Intel HD Graphics/Windows 10 Pro Black",لينوفو,لابتوب ثينك باد مجدد T450s مع شاشة 14 بوصة ، معالج إنتل كور i5  الجيل الخامس / ذاكرة رام 8 جيجابايت / سعة تخزين 256 جيجابايت إس إس دي / إنتل يو اتش دى جرافيكس / نظام تشغيل ويندوز 10 برو أسود,PF99525547467A,N53361285A,53361285,Order,delivered,12/30/2024,12/30/2024,12/30/2024,AED,345.7,-38.027,-13.5,0,0.0,0.0,0.0,294.173
38594,2024-12-31,PS-38594-AE20241231,noon,NAEGC0008833425,NAEGC0008833425-1,Lenovo,"Renewed - ThinkPad T450s Laptop With 14-Inch Display,Intel Core i5 Processor/5th Gen/8GB RAM/256GB SSD/5500MB Intel HD Graphics/Windows 10 Pro Black",لينوفو,لابتوب ثينك باد مجدد T450s مع شاشة 14 بوصة ، معالج إنتل كور i5  الجيل الخامس / ذاكرة رام 8 جيجابايت / سعة تخزين 256 جيجابايت إس إس دي / إنتل يو اتش دى جرافيكس / نظام تشغيل ويندوز 10 برو أسود,PF95396863958A,N53361285A,53361285,Order,delivered,12/30/2024,12/30/2024,1/1/2025,AED,0.0,0.0,-13.5,0,0.0,0.0,0.0,-13.5
38594,2024-12-31,PS-38594-AE20241231,noon,NAEGC0078139026,NAEGC0078139026-3,Lenovo,"Renewed - ThinkPad T450s Laptop With 14-Inch Display,Intel Core i5 Processor/5th Gen/8GB RAM/256GB SSD/5500MB Intel HD Graphics/Windows 10 Pro Black",لينوفو,لابتوب ثينك باد مجدد T450s مع شاشة 14 بوصة ، معالج إنتل كور i5  الجيل الخامس / ذاكرة رام 8 جيجابايت / سعة تخزين 256 جيجابايت إس إس دي / إنتل يو اتش دى جرافيكس / نظام تشغيل ويندوز 10 برو أسود,PF99722212972A,N53361285A,53361285,Order,returned,12/30/2024,12/30/2024,12/31/2024,AED,343.9,-37.829,-13.5,0,0.0,0.0,0.0,292.571
38594,2024-12-31,PS-38594-AE20241231,noon,NAEGC0070840674,NAEGC0070840674-3,Lenovo,"Renewed - ThinkPad T450s Laptop With 14-Inch Display,Intel Core i5 Processor/5th Gen/8GB RAM/256GB SSD/5500MB Intel HD Graphics/Windows 10 Pro Black",لينوفو,لابتوب ثينك باد مجدد T450s مع شاشة 14 بوصة ، معالج إنتل كور i5  الجيل الخامس / ذاكرة رام 8 جيجابايت / سعة تخزين 256 جيجابايت إس إس دي / إنتل يو اتش دى جرافيكس / نظام تشغيل ويندوز 10 برو أسود,PF93615431992A,N53361285A,53361285,Order,delivered,12/29/2024,12/30/2024,12/31/2024,AED,342.0,-37.62,-13.5,0,0.0,0.0,0.0,290.88
38594,2024-12-31,PS-38594-AE20241231,noon,NAEGC0073449781,NAEGC0073449781-1,Lenovo,"Renewed - ThinkPad T450s Laptop With 14-Inch Display,Intel Core i5 Processor/5th Gen/8GB RAM/256GB SSD/5500MB Intel HD Graphics/Windows 10 Pro Black",لينوفو,لابتوب ثينك باد مجدد T450s مع شاشة 14 بوصة ، معالج إنتل كور i5  الجيل الخامس / ذاكرة رام 8 جيجابايت / سعة تخزين 256 جيجابايت إس إس دي / إنتل يو اتش دى جرافيكس / نظام تشغيل ويندوز 10 برو أسود,PF96788698677A,N53361285A,53361285,Order,delivered,12/30/2024,12/30/2024,12/31/2024,AED,0.0,0.0,-13.5,0,0.0,0.0,0.0,-13.5
38594,2025-03-05,PS-38594-AE20250305,noon,NAEH20025414418,,,,,,PE62496502256A,,,Directship Outbound Fee,shipped,2/28/2025,,,AED,0.0,0.0,0.0,0,0.0,0.0,-18.5,-18.5
38594,2025-03-05,PS-38594-AE20250305,noon,NAEH20049701326,,,,,,PE62225902266A,,,Directship Outbound Fee,shipped,2/27/2025,,,AED,0.0,0.0,0.0,0,0.0,0.0,-15.5,-15.5
38594,2025-03-05,PS-38594-AE20250305,noon,,,,,,,,,,Return Administration Fee,shipped,,,,AED,0.0,0.0,0.0,0,0.0,0.0,-4.06,-4.06
38594,2025-03-05,PS-38594-AE20250305,noon,NAEH20000353181,,,,,,PE61668229484A,,,Directship Outbound Fee,shipped,2/26/2025,,,AED,0.0,0.0,0.0,0,0.0,0.0,-18.5,-18.5
38594,2025-03-05,PS-38594-AE20250305,noon,NAEH20038362476,,,,,,PE67761143449A,,,Directship Outbound Fee,shipped,2/28/2025,,,AED,0.0,0.0,0.0,0,0.0,0.0,-18.5,-18.5
38594,2025-03-05,PS-38594-AE20250305,noon,NAEH20045219295,,,,,,PE62445369294A,,,Directship Outbound Fee,shipped,2/26/2025,,,AED,0.0,0.0,0.0,0,0.0,0.0,-18.5,-18.5
38594,2025-03-05,PS-38594-AE20250305,noon,NAEH20064735730,,,,,,PE63195207676A,,,Directship Outbound Fee,shipped,2/28/2025,,,AED,0.0,0.0,0.0,0,0.0,0.0,-18.5,-18.5
38594,2025-03-05,PS-38594-AE20250305,noon,NAEH20077199537,,,,,,PE67037916485A,,,Directship Outbound Fee,shipped,2/28/2025,,,AED,0.0,0.0,0.0,0,0.0,0.0,-15.5,-15.5
38594,2025-03-05,PS-38594-AE20250305,noon,NAEH20042245578,,,,,,PE69114830659A,,,Directship Outbound Fee,shipped,2/28/2025,,,AED,0.0,0.0,0.0,0,0.0,0.0,-18.5,-18.5
38594,2025-03-05,PS-38594-AE20250305,noon,NAEH20088459700,,,,,,PE66883931415A,,,Directship Outbound Fee,shipped,2/28/2025,,,AED,0.0,0.0,0.0,0,0.0,0.0,-18.5,-18.5
38594,2025-03-05,PS-38594-AE20250305,noon,NAEH20027276945,,,,,,PE69627667288A,,,Directship Outbound Fee,shipped,2/27/2025,,,AED,0.0,0.0,0.0,0,0.0,0.0,-18.5,-18.5
38594,2025-03-05,PS-38594-AE20250305,noon,,,,,,,,,,VAT Payable,shipped,,,,AED,0.0,0.0,0.0,0,0.0,0.0,0.74,0.74
38594,2025-03-05,PS-38594-AE20250305,noon,,,,,,,,,,Return Administration Fee,shipped,,,,AED,0.0,0.0,0.0,0,0.0,0.0,3.58,3.58
38594,2025-03-05,PS-38594-AE20250305,noon,,,,,,,,,,Return Administration Fee,shipped,,,,AED,0.0,0.0,0.0,0,0.0,0.0,3.6,3.6
38594,2025-03-05,PS-38594-AE20250305,noon,NAEH30013779047,,,,,,PE63810854006A,,,Directship Outbound Fee,shipped,3/1/2025,,,AED,0.0,0.0,0.0,0,0.0,0.0,-15.5,-15.5
38594,2025-03-05,PS-38594-AE20250305,noon,NAEH20028529567,,,,,,PE60588814205A,,,Directship Outbound Fee,shipped,2/27/2025,,,AED,0.0,0.0,0.0,0,0.0,0.0,-18.5,-18.5
38594,2025-03-05,PS-38594-AE20250305,noon,NAEH20077199537,NAEH20077199537-1,Lenovo,"Renewed - ThinkPad T470 Laptop With 14-Inch Display,Intel Corei5 Processor/6th Gen/8GB RAM/256GB SSD/Intel HD Graphics Black",لينوفو,مُجدد - لابتوب ثينك باد T470 بشاشة مقاس 14 بوصة ومعالج إنتل كور i5 من الجيل السادس ومزود بذاكرة رام سعة 8 جيجابايت ومحرك أقراص SSD سعة 256 جيجابايت وبطاقة رسومات إنتل بدقة عالية الوضوح أسود,PE67037916485A,N49798236A,49798236,Order,delivered,2/28/2025,3/1/2025,3/3/2025,AED,400.85,-44.0935,0.0,0,0.0,4.761904762,0.0,361.5184048
38594,2025-03-05,PS-38594-AE20250305,noon,NAEH30013779047,NAEH30013779047-1,Lenovo,"Refurbished - Thinkpad T450 Notebook Laptop With 14-Inch Display,Intel Core i5 Processor/5th Gen/16GB RAM/256GB SSD/Intel HD Graphics 5550 English Black",لينوفو,مستعمل ومجدد - لابتوب نوت بوك ثينك باد T450 (2015) بشاشة مقاس 14 بوصة ومعالج إنتل كور i5/ الجيل الخامس/ ذاكرة رام سعة 16 جيجابايت/ محرك أقراص SSD سعة 240 جيجابايت/ بطاقة رسومات إنتل 5550 عالية الوضوح سعة 1 جيجابايت اللغة الإنجليزية أسود,PE63810854006A,N51438096A,51438096,Order,delivered,3/1/2025,3/1/2025,3/2/2025,AED,350.0,-38.5,0.0,0,0.0,4.761904762,0.0,316.2619048
38594,2025-03-05,PS-38594-AE20250305,noon,NAEH20069614388,NAEH20069614388-2,Lenovo,"Renewed - ThinkPad T450s Laptop With 14-Inch Display,Intel Core i5 Processor/5th Gen/8GB RAM/256GB SSD/5500MB Intel HD Graphics/Windows 10 Pro Black",لينوفو,لابتوب ثينك باد مجدد T450s مع شاشة 14 بوصة ، معالج إنتل كور i5  الجيل الخامس / ذاكرة رام 8 جيجابايت / سعة تخزين 256 جيجابايت إس إس دي / إنتل يو اتش دى جرافيكس / نظام تشغيل ويندوز 10 برو أسود,PFB3173791162A,N53361285A,53361285,Order,delivered,2/4/2025,2/4/2025,2/4/2025,AED,0.0,17.864,0.0,0,0.0,0.0,0.0,17.864
38594,2025-03-05,PS-38594-AE20250305,noon,NAEH20099290699,NAEH20099290699-1,Lenovo,"Renewed - ThinkPad T450s Laptop With 14-Inch Display,Intel Core i5 Processor/5th Gen/8GB RAM/256GB SSD/5500MB Intel HD Graphics/Windows 10 Pro Black",لينوفو,لابتوب ثينك باد مجدد T450s مع شاشة 14 بوصة ، معالج إنتل كور i5  الجيل الخامس / ذاكرة رام 8 جيجابايت / سعة تخزين 256 جيجابايت إس إس دي / إنتل يو اتش دى جرافيكس / نظام تشغيل ويندوز 10 برو أسود,PF98460694061A,N53361285A,53361285,Order,delivered,2/5/2025,2/6/2025,2/7/2025,AED,0.0,17.974,0.0,0,0.0,0.0,0.0,17.974
38594,2025-03-05,PS-38594-AE20250305,noon,NAEH20027276945,NAEH20027276945-1,Lenovo,"Renewed - ThinkPad T450s Laptop With 14-Inch Display,Intel Core i5 Processor/5th Gen/8GB RAM/256GB SSD/5500MB Intel HD Graphics/Windows 10 Pro Black",لينوفو,لابتوب ثينك باد مجدد T450s مع شاشة 14 بوصة ، معالج إنتل كور i5  الجيل الخامس / ذاكرة رام 8 جيجابايت / سعة تخزين 256 جيجابايت إس إس دي / إنتل يو اتش دى جرافيكس / نظام تشغيل ويندوز 10 برو أسود,PE69627667288A,N53361285A,53361285,Order,delivered,2/26/2025,2/28/2025,3/1/2025,AED,331.1,-19.866,0.0,0,0.0,4.761904762,0.0,315.9959048
38594,2025-03-05,PS-38594-AE20250305,noon,NAEH20056643298,NAEH20056643298-1,Lenovo,"Renewed - ThinkPad T450s Laptop With 14-Inch Display,Intel Core i5 Processor/5th Gen/8GB RAM/256GB SSD/5500MB Intel HD Graphics/Windows 10 Pro Black",لينوفو,لابتوب ثينك باد مجدد T450s مع شاشة 14 بوصة ، معالج إنتل كور i5  الجيل الخامس / ذاكرة رام 8 جيجابايت / سعة تخزين 256 جيجابايت إس إس دي / إنتل يو اتش دى جرافيكس / نظام تشغيل ويندوز 10 برو أسود,PF90077565915A,N53361285A,53361285,Order,delivered,2/10/2025,2/10/2025,2/11/2025,AED,0.0,18.645,0.0,0,0.0,0.0,0.0,18.645
38594,2025-03-05,PS-38594-AE20250305,noon,NAEH20068527023,NAEH20068527023-1,Lenovo,"Renewed - ThinkPad T450s Laptop With 14-Inch Display,Intel Core i5 Processor/5th Gen/8GB RAM/256GB SSD/5500MB Intel HD Graphics/Windows 10 Pro Black",لينوفو,لابتوب ثينك باد مجدد T450s مع شاشة 14 بوصة ، معالج إنتل كور i5  الجيل الخامس / ذاكرة رام 8 جيجابايت / سعة تخزين 256 جيجابايت إس إس دي / إنتل يو اتش دى جرافيكس / نظام تشغيل ويندوز 10 برو أسود,PFB9181287963A,N53361285A,53361285,Order,delivered,2/4/2025,2/4/2025,2/5/2025,AED,0.0,17.985,0.0,0,0.0,0.0,0.0,17.985
38594,2025-03-05,PS-38594-AE20250305,noon,NAEH20010235079,NAEH20010235079-1,Lenovo,"Renewed - ThinkPad T450s Laptop With 14-Inch Display,Intel Core i5 Processor/5th Gen/8GB RAM/256GB SSD/5500MB Intel HD Graphics/Windows 10 Pro Black",لينوفو,لابتوب ثينك باد مجدد T450s مع شاشة 14 بوصة ، معالج إنتل كور i5  الجيل الخامس / ذاكرة رام 8 جيجابايت / سعة تخزين 256 جيجابايت إس إس دي / إنتل يو اتش دى جرافيكس / نظام تشغيل ويندوز 10 برو أسود,PF97925041246A,N53361285A,53361285,Order,delivered,2/3/2025,2/4/2025,2/5/2025,AED,0.0,17.985,0.0,0,0.0,0.0,0.0,17.985
38594,2025-03-05,PS-38594-AE20250305,noon,NAEH20028529567,NAEH20028529567-2,Lenovo,"Renewed - ThinkPad T450s Laptop With 14-Inch Display,Intel Core i5 Processor/5th Gen/8GB RAM/256GB SSD/5500MB Intel HD Graphics/Windows 10 Pro Black",لينوفو,لابتوب ثينك باد مجدد T450s مع شاشة 14 بوصة ، معالج إنتل كور i5  الجيل الخامس / ذاكرة رام 8 جيجابايت / سعة تخزين 256 جيجابايت إس إس دي / إنتل يو اتش دى جرافيكس / نظام تشغيل ويندوز 10 برو أسود,PE60588814205A,N53361285A,53361285,Order,delivered,2/27/2025,2/28/2025,3/1/2025,AED,331.1,-19.866,0.0,0,0.0,4.761904762,0.0,315.9959048
38594,2025-03-05,PS-38594-AE20250305,noon,NAEH20010235079,NAEH20010235079-2,Lenovo,"Renewed - ThinkPad T450s Laptop With 14-Inch Display,Intel Core i5 Processor/5th Gen/8GB RAM/256GB SSD/5500MB Intel HD Graphics/Windows 10 Pro Black",لينوفو,لابتوب ثينك باد مجدد T450s مع شاشة 14 بوصة ، معالج إنتل كور i5  الجيل الخامس / ذاكرة رام 8 جيجابايت / سعة تخزين 256 جيجابايت إس إس دي / إنتل يو اتش دى جرافيكس / نظام تشغيل ويندوز 10 برو أسود,PF97925041246A,N53361285A,53361285,Order,delivered,2/3/2025,2/4/2025,2/5/2025,AED,0.0,17.985,0.0,0,0.0,0.0,0.0,17.985
38594,2025-03-05,PS-38594-AE20250305,noon,NAEH20034763248,NAEH20034763248-1,Lenovo,"Renewed - ThinkPad T450s Laptop With 14-Inch Display,Intel Core i5 Processor/5th Gen/8GB RAM/256GB SSD/5500MB Intel HD Graphics/Windows 10 Pro Black",لينوفو,لابتوب ثينك باد مجدد T450s مع شاشة 14 بوصة ، معالج إنتل كور i5  الجيل الخامس / ذاكرة رام 8 جيجابايت / سعة تخزين 256 جيجابايت إس إس دي / إنتل يو اتش دى جرافيكس / نظام تشغيل ويندوز 10 برو أسود,PFB9460343468A,N53361285A,53361285,Order,delivered,2/9/2025,2/9/2025,2/10/2025,AED,0.0,18.645,0.0,0,0.0,0.0,0.0,18.645
38594,2025-03-05,PS-38594-AE20250305,noon,NAEH20081209284,NAEH20081209284-1,Lenovo,"Renewed - ThinkPad T450s Laptop With 14-Inch Display,Intel Core i5 Processor/5th Gen/8GB RAM/256GB SSD/5500MB Intel HD Graphics/Windows 10 Pro Black",لينوفو,لابتوب ثينك باد مجدد T450s مع شاشة 14 بوصة ، معالج إنتل كور i5  الجيل الخامس / ذاكرة رام 8 جيجابايت / سعة تخزين 256 جيجابايت إس إس دي / إنتل يو اتش دى جرافيكس / نظام تشغيل ويندوز 10 برو أسود,PE64436801991A,N53361285A,53361285,Order,delivered,2/26/2025,2/26/2025,3/1/2025,AED,331.1,-19.866,0.0,0,0.0,4.761904762,0.0,315.9959048
38594,2025-03-05,PS-38594-AE20250305,noon,NAEH20000905278,NAEH20000905278-1,Lenovo,"Renewed - ThinkPad T450s Laptop With 14-Inch Display,Intel Core i5 Processor/5th Gen/8GB RAM/256GB SSD/5500MB Intel HD Graphics/Windows 10 Pro Black",لينوفو,لابتوب ثينك باد مجدد T450s مع شاشة 14 بوصة ، معالج إنتل كور i5  الجيل الخامس / ذاكرة رام 8 جيجابايت / سعة تخزين 256 جيجابايت إس إس دي / إنتل يو اتش دى جرافيكس / نظام تشغيل ويندوز 10 برو أسود,PF96856132499A,N53361285A,53361285,Order,delivered,2/10/2025,2/10/2025,2/11/2025,AED,0.0,18.645,0.0,0,0.0,0.0,0.0,18.645
38594,2025-03-05,PS-38594-AE20250305,noon,NAEH20027326063,NAEH20027326063-1,Lenovo,"Renewed - ThinkPad T450s Laptop With 14-Inch Display,Intel Core i5 Processor/5th Gen/8GB RAM/256GB SSD/5500MB Intel HD Graphics/Windows 10 Pro Black",لينوفو,لابتوب ثينك باد مجدد T450s مع شاشة 14 بوصة ، معالج إنتل كور i5  الجيل الخامس / ذاكرة رام 8 جيجابايت / سعة تخزين 256 جيجابايت إس إس دي / إنتل يو اتش دى جرافيكس / نظام تشغيل ويندوز 10 برو أسود,PFB6757739581A,N53361285A,53361285,Order,delivered,2/5/2025,2/5/2025,2/6/2025,AED,0.0,18.0152,0.0,0,0.0,0.0,0.0,18.0152
38594,2025-03-05,PS-38594-AE20250305,noon,NAEH20015748262,NAEH20015748262-1,Lenovo,"Renewed - ThinkPad T450s Laptop With 14-Inch Display,Intel Core i5 Processor/5th Gen/8GB RAM/256GB SSD/5500MB Intel HD Graphics/Windows 10 Pro Black",لينوفو,لابتوب ثينك باد مجدد T450s مع شاشة 14 بوصة ، معالج إنتل كور i5  الجيل الخامس / ذاكرة رام 8 جيجابايت / سعة تخزين 256 جيجابايت إس إس دي / إنتل يو اتش دى جرافيكس / نظام تشغيل ويندوز 10 برو أسود,PF97283457650A,N53361285A,53361285,Order,delivered,2/5/2025,2/5/2025,2/6/2025,AED,0.0,17.974,0.0,0,0.0,0.0,0.0,17.974
38594,2025-03-05,PS-38594-AE20250305,noon,NAEH20031663029,NAEH20031663029-1,Lenovo,"Renewed - ThinkPad T450s Laptop With 14-Inch Display,Intel Core i5 Processor/5th Gen/8GB RAM/256GB SSD/5500MB Intel HD Graphics/Windows 10 Pro Black",لينوفو,لابتوب ثينك باد مجدد T450s مع شاشة 14 بوصة ، معالج إنتل كور i5  الجيل الخامس / ذاكرة رام 8 جيجابايت / سعة تخزين 256 جيجابايت إس إس دي / إنتل يو اتش دى جرافيكس / نظام تشغيل ويندوز 10 برو أسود,PFB2129396852A,N53361285A,53361285,Order,delivered,2/4/2025,2/4/2025,2/6/2025,AED,0.0,17.864,0.0,0,0.0,0.0,0.0,17.864
38594,2025-03-05,PS-38594-AE20250305,noon,NAEH20076231037,NAEH20076231037-1,Lenovo,"Renewed - ThinkPad T450s Laptop With 14-Inch Display,Intel Core i5 Processor/5th Gen/8GB RAM/256GB SSD/5500MB Intel HD Graphics/Windows 10 Pro Black",لينوفو,لابتوب ثينك باد مجدد T450s مع شاشة 14 بوصة ، معالج إنتل كور i5  الجيل الخامس / ذاكرة رام 8 جيجابايت / سعة تخزين 256 جيجابايت إس إس دي / إنتل يو اتش دى جرافيكس / نظام تشغيل ويندوز 10 برو أسود,PFB5338195858A,N53361285A,53361285,Order,delivered,2/10/2025,2/10/2025,2/11/2025,AED,0.0,18.645,0.0,0,0.0,0.0,0.0,18.645
38594,2025-03-05,PS-38594-AE20250305,noon,NAEH20023809727,NAEH20023809727-1,Lenovo,"Renewed - ThinkPad T450s Laptop With 14-Inch Display,Intel Core i5 Processor/5th Gen/8GB RAM/256GB SSD/5500MB Intel HD Graphics/Windows 10 Pro Black",لينوفو,لابتوب ثينك باد مجدد T450s مع شاشة 14 بوصة ، معالج إنتل كور i5  الجيل الخامس / ذاكرة رام 8 جيجابايت / سعة تخزين 256 جيجابايت إس إس دي / إنتل يو اتش دى جرافيكس / نظام تشغيل ويندوز 10 برو أسود,PF93250069113A,N53361285A,53361285,Order,delivered,2/4/2025,2/4/2025,2/4/2025,AED,0.0,18.0152,0.0,0,0.0,0.0,0.0,18.0152
38594,2025-03-05,PS-38594-AE20250305,noon,NAEH20042245578,NAEH20042245578-1,Lenovo,"Renewed - ThinkPad T450s Laptop With 14-Inch Display,Intel Core i5 Processor/5th Gen/8GB RAM/256GB SSD/5500MB Intel HD Graphics/Windows 10 Pro Black",لينوفو,لابتوب ثينك باد مجدد T450s مع شاشة 14 بوصة ، معالج إنتل كور i5  الجيل الخامس / ذاكرة رام 8 جيجابايت / سعة تخزين 256 جيجابايت إس إس دي / إنتل يو اتش دى جرافيكس / نظام تشغيل ويندوز 10 برو أسود,PE69114830659A,N53361285A,53361285,Order,delivered,2/28/2025,3/1/2025,3/3/2025,AED,332.25,-19.935,0.0,0,0.0,4.761904762,0.0,317.0769048
38594,2025-03-05,PS-38594-AE20250305,noon,NAEH20033807159,NAEH20033807159-1,Lenovo,"Renewed - ThinkPad T450s Laptop With 14-Inch Display,Intel Core i5 Processor/5th Gen/8GB RAM/256GB SSD/5500MB Intel HD Graphics/Windows 10 Pro Black",لينوفو,لابتوب ثينك باد مجدد T450s مع شاشة 14 بوصة ، معالج إنتل كور i5  الجيل الخامس / ذاكرة رام 8 جيجابايت / سعة تخزين 256 جيجابايت إس إس دي / إنتل يو اتش دى جرافيكس / نظام تشغيل ويندوز 10 برو أسود,PFB1803033512A,N53361285A,53361285,Order,delivered,2/9/2025,2/10/2025,2/11/2025,AED,0.0,18.645,0.0,0,0.0,0.0,0.0,18.645
38594,2025-03-05,PS-38594-AE20250305,noon,NAEH20008119917,NAEH20008119917-1,Lenovo,"Renewed - ThinkPad T450s Laptop With 14-Inch Display,Intel Core i5 Processor/5th Gen/8GB RAM/256GB SSD/5500MB Intel HD Graphics/Windows 10 Pro Black",لينوفو,لابتوب ثينك باد مجدد T450s مع شاشة 14 بوصة ، معالج إنتل كور i5  الجيل الخامس / ذاكرة رام 8 جيجابايت / سعة تخزين 256 جيجابايت إس إس دي / إنتل يو اتش دى جرافيكس / نظام تشغيل ويندوز 10 برو أسود,PF98297034184A,N53361285A,53361285,Order,delivered,2/5/2025,2/5/2025,2/6/2025,AED,0.0,18.0152,0.0,0,0.0,0.0,0.0,18.0152
38594,2025-03-05,PS-38594-AE20250305,noon,NAEH20025414418,NAEH20025414418-1,Lenovo,"Renewed - ThinkPad T450s Laptop With 14-Inch Display,Intel Core i5 Processor/5th Gen/8GB RAM/256GB SSD/5500MB Intel HD Graphics/Windows 10 Pro Black",لينوفو,لابتوب ثينك باد مجدد T450s مع شاشة 14 بوصة ، معالج إنتل كور i5  الجيل الخامس / ذاكرة رام 8 جيجابايت / سعة تخزين 256 جيجابايت إس إس دي / إنتل يو اتش دى جرافيكس / نظام تشغيل ويندوز 10 برو أسود,PE62496502256A,N53361285A,53361285,Order,delivered,2/27/2025,2/28/2025,3/1/2025,AED,333.1,-19.986,0.0,0,0.0,4.761904762,0.0,317.8759048
38594,2025-03-05,PS-38594-AE20250305,noon,NAEH20026887832,NAEH20026887832-1,Lenovo,"Renewed - ThinkPad T450s Laptop With 14-Inch Display,Intel Core i5 Processor/5th Gen/8GB RAM/256GB SSD/5500MB Intel HD Graphics/Windows 10 Pro Black",لينوفو,لابتوب ثينك باد مجدد T450s مع شاشة 14 بوصة ، معالج إنتل كور i5  الجيل الخامس / ذاكرة رام 8 جيجابايت / سعة تخزين 256 جيجابايت إس إس دي / إنتل يو اتش دى جرافيكس / نظام تشغيل ويندوز 10 برو أسود,PF90068052497A,N53361285A,53361285,Order,delivered,2/9/2025,2/9/2025,2/10/2025,AED,0.0,18.645,0.0,0,0.0,0.0,0.0,18.645
38594,2025-03-05,PS-38594-AE20250305,noon,NAEH20072940032,NAEH20072940032-1,Lenovo,"Renewed - ThinkPad T450s Laptop With 14-Inch Display,Intel Core i5 Processor/5th Gen/8GB RAM/256GB SSD/5500MB Intel HD Graphics/Windows 10 Pro Black",لينوفو,لابتوب ثينك باد مجدد T450s مع شاشة 14 بوصة ، معالج إنتل كور i5  الجيل الخامس / ذاكرة رام 8 جيجابايت / سعة تخزين 256 جيجابايت إس إس دي / إنتل يو اتش دى جرافيكس / نظام تشغيل ويندوز 10 برو أسود,PF91612369637A,N53361285A,53361285,Order,delivered,2/4/2025,2/5/2025,2/6/2025,AED,0.0,17.8337,0.0,0,0.0,0.0,0.0,17.8337
38594,2025-03-05,PS-38594-AE20250305,noon,NAEH20050748175,NAEH20050748175-1,Lenovo,"Renewed - ThinkPad T450s Laptop With 14-Inch Display,Intel Core i5 Processor/5th Gen/8GB RAM/256GB SSD/5500MB Intel HD Graphics/Windows 10 Pro Black",لينوفو,لابتوب ثينك باد مجدد T450s مع شاشة 14 بوصة ، معالج إنتل كور i5  الجيل الخامس / ذاكرة رام 8 جيجابايت / سعة تخزين 256 جيجابايت إس إس دي / إنتل يو اتش دى جرافيكس / نظام تشغيل ويندوز 10 برو أسود,PF92922302572A,N53361285A,53361285,Order,delivered,2/10/2025,2/10/2025,2/10/2025,AED,0.0,18.645,0.0,0,0.0,0.0,0.0,18.645
38594,2025-03-05,PS-38594-AE20250305,noon,NAEH20086491318,NAEH20086491318-1,Lenovo,"Renewed - ThinkPad T450s Laptop With 14-Inch Display,Intel Core i5 Processor/5th Gen/8GB RAM/256GB SSD/5500MB Intel HD Graphics/Windows 10 Pro Black",لينوفو,لابتوب ثينك باد مجدد T450s مع شاشة 14 بوصة ، معالج إنتل كور i5  الجيل الخامس / ذاكرة رام 8 جيجابايت / سعة تخزين 256 جيجابايت إس إس دي / إنتل يو اتش دى جرافيكس / نظام تشغيل ويندوز 10 برو أسود,PF99124928198A,N53361285A,53361285,Order,delivered,2/10/2025,2/10/2025,2/11/2025,AED,0.0,18.645,0.0,0,0.0,0.0,0.0,18.645
38594,2025-03-05,PS-38594-AE20250305,noon,NAEH20061201707,NAEH20061201707-1,Lenovo,"Renewed - ThinkPad T450s Laptop With 14-Inch Display,Intel Core i5 Processor/5th Gen/8GB RAM/256GB SSD/5500MB Intel HD Graphics/Windows 10 Pro Black",لينوفو,لابتوب ثينك باد مجدد T450s مع شاشة 14 بوصة ، معالج إنتل كور i5  الجيل الخامس / ذاكرة رام 8 جيجابايت / سعة تخزين 256 جيجابايت إس إس دي / إنتل يو اتش دى جرافيكس / نظام تشغيل ويندوز 10 برو أسود,PFA8469747795A,N53361285A,53361285,Order,delivered,2/5/2025,2/5/2025,2/6/2025,AED,0.0,17.864,0.0,0,0.0,0.0,0.0,17.864
38594,2025-03-05,PS-38594-AE20250305,noon,NAEH20054727074,NAEH20054727074-1,Lenovo,"Renewed - ThinkPad T450s Laptop With 14-Inch Display,Intel Core i5 Processor/5th Gen/8GB RAM/256GB SSD/5500MB Intel HD Graphics/Windows 10 Pro Black",لينوفو,لابتوب ثينك باد مجدد T450s مع شاشة 14 بوصة ، معالج إنتل كور i5  الجيل الخامس / ذاكرة رام 8 جيجابايت / سعة تخزين 256 جيجابايت إس إس دي / إنتل يو اتش دى جرافيكس / نظام تشغيل ويندوز 10 برو أسود,PF90873359792A,N53361285A,53361285,Order,delivered,2/5/2025,2/5/2025,2/6/2025,AED,0.0,17.985,0.0,0,0.0,0.0,0.0,17.985
38594,2025-03-05,PS-38594-AE20250305,noon,NAEH20050748175,NAEH20050748175-2,Lenovo,"Renewed - ThinkPad T450s Laptop With 14-Inch Display,Intel Core i5 Processor/5th Gen/8GB RAM/256GB SSD/5500MB Intel HD Graphics/Windows 10 Pro Black",لينوفو,لابتوب ثينك باد مجدد T450s مع شاشة 14 بوصة ، معالج إنتل كور i5  الجيل الخامس / ذاكرة رام 8 جيجابايت / سعة تخزين 256 جيجابايت إس إس دي / إنتل يو اتش دى جرافيكس / نظام تشغيل ويندوز 10 برو أسود,PF92922302572A,N53361285A,53361285,Order,delivered,2/10/2025,2/10/2025,2/10/2025,AED,0.0,18.645,0.0,0,0.0,0.0,0.0,18.645
38594,2025-03-05,PS-38594-AE20250305,noon,NAEH20038362476,NAEH20038362476-4,Lenovo,"Renewed - ThinkPad T450s Laptop With 14-Inch Display,Intel Core i5 Processor/5th Gen/8GB RAM/256GB SSD/5500MB Intel HD Graphics/Windows 10 Pro Black",لينوفو,لابتوب ثينك باد مجدد T450s مع شاشة 14 بوصة ، معالج إنتل كور i5  الجيل الخامس / ذاكرة رام 8 جيجابايت / سعة تخزين 256 جيجابايت إس إس دي / إنتل يو اتش دى جرافيكس / نظام تشغيل ويندوز 10 برو أسود,PE67761143449A,N53361285A,53361285,Order,delivered,2/28/2025,3/1/2025,3/2/2025,AED,332.25,-19.935,0.0,0,0.0,4.761904762,0.0,317.0769048
38594,2025-03-05,PS-38594-AE20250305,noon,NAEH20042818733,NAEH20042818733-1,Lenovo,"Renewed - ThinkPad T450s Laptop With 14-Inch Display,Intel Core i5 Processor/5th Gen/8GB RAM/256GB SSD/5500MB Intel HD Graphics/Windows 10 Pro Black",لينوفو,لابتوب ثينك باد مجدد T450s مع شاشة 14 بوصة ، معالج إنتل كور i5  الجيل الخامس / ذاكرة رام 8 جيجابايت / سعة تخزين 256 جيجابايت إس إس دي / إنتل يو اتش دى جرافيكس / نظام تشغيل ويندوز 10 برو أسود,PE63895394307A,N53361285A,53361285,Order,delivered,2/26/2025,2/26/2025,2/28/2025,AED,331.1,-19.866,0.0,0,0.0,4.761904762,0.0,315.9959048
38594,2025-03-05,PS-38594-AE20250305,noon,NAEH20070360193,NAEH20070360193-1,Lenovo,"Renewed - ThinkPad T450s Laptop With 14-Inch Display,Intel Core i5 Processor/5th Gen/8GB RAM/256GB SSD/5500MB Intel HD Graphics/Windows 10 Pro Black",لينوفو,لابتوب ثينك باد مجدد T450s مع شاشة 14 بوصة ، معالج إنتل كور i5  الجيل الخامس / ذاكرة رام 8 جيجابايت / سعة تخزين 256 جيجابايت إس إس دي / إنتل يو اتش دى جرافيكس / نظام تشغيل ويندوز 10 برو أسود,PF94934332590A,N53361285A,53361285,Order,delivered,2/4/2025,2/4/2025,2/5/2025,AED,0.0,17.864,0.0,0,0.0,0.0,0.0,17.864
38594,2025-03-05,PS-38594-AE20250305,noon,NAEH20045219295,NAEH20045219295-1,Lenovo,"Renewed - ThinkPad T450s Laptop With 14-Inch Display,Intel Core i5 Processor/5th Gen/8GB RAM/256GB SSD/5500MB Intel HD Graphics/Windows 10 Pro Black",لينوفو,لابتوب ثينك باد مجدد T450s مع شاشة 14 بوصة ، معالج إنتل كور i5  الجيل الخامس / ذاكرة رام 8 جيجابايت / سعة تخزين 256 جيجابايت إس إس دي / إنتل يو اتش دى جرافيكس / نظام تشغيل ويندوز 10 برو أسود,PE62445369294A,N53361285A,53361285,Order,delivered,2/26/2025,2/28/2025,3/1/2025,AED,331.1,-19.866,0.0,0,0.0,4.761904762,0.0,315.9959048
38594,2025-03-05,PS-38594-AE20250305,noon,NAEH20088459700,NAEH20088459700-1,Lenovo,"Renewed - ThinkPad T450s Laptop With 14-Inch Display,Intel Core i5 Processor/5th Gen/8GB RAM/256GB SSD/5500MB Intel HD Graphics/Windows 10 Pro Black",لينوفو,لابتوب ثينك باد مجدد T450s مع شاشة 14 بوصة ، معالج إنتل كور i5  الجيل الخامس / ذاكرة رام 8 جيجابايت / سعة تخزين 256 جيجابايت إس إس دي / إنتل يو اتش دى جرافيكس / نظام تشغيل ويندوز 10 برو أسود,PE66883931415A,N53361285A,53361285,Order,returned,2/28/2025,2/28/2025,3/2/2025,AED,0.0,0.0,0.0,0,0.0,4.761904762,0.0,4.761904762
38594,2025-03-05,PS-38594-AE20250305,noon,NAEH20000353181,NAEH20000353181-1,Lenovo,"Renewed - ThinkPad T450s Laptop With 14-Inch Display,Intel Core i5 Processor/5th Gen/8GB RAM/256GB SSD/5500MB Intel HD Graphics/Windows 10 Pro Black",لينوفو,لابتوب ثينك باد مجدد T450s مع شاشة 14 بوصة ، معالج إنتل كور i5  الجيل الخامس / ذاكرة رام 8 جيجابايت / سعة تخزين 256 جيجابايت إس إس دي / إنتل يو اتش دى جرافيكس / نظام تشغيل ويندوز 10 برو أسود,PE61668229484A,N53361285A,53361285,Order,returned,2/26/2025,2/28/2025,3/1/2025,AED,331.1,-19.866,0.0,0,0.0,4.761904762,0.0,315.9959048
38594,2025-03-05,PS-38594-AE20250305,noon,NAEH20095472452,NAEH20095472452-1,Lenovo,"Renewed - ThinkPad T450s Laptop With 14-Inch Display,Intel Core i5 Processor/5th Gen/8GB RAM/256GB SSD/5500MB Intel HD Graphics/Windows 10 Pro Black",لينوفو,لابتوب ثينك باد مجدد T450s مع شاشة 14 بوصة ، معالج إنتل كور i5  الجيل الخامس / ذاكرة رام 8 جيجابايت / سعة تخزين 256 جيجابايت إس إس دي / إنتل يو اتش دى جرافيكس / نظام تشغيل ويندوز 10 برو أسود,PFB2467892043A,N53361285A,53361285,Order,delivered,2/4/2025,2/4/2025,2/5/2025,AED,0.0,17.864,0.0,0,0.0,0.0,0.0,17.864
38594,2025-03-05,PS-38594-AE20250305,noon,NAEH20003680205,NAEH20003680205-1,Lenovo,"Renewed - T440s ThinkPad Utrabook Laptop With14-Inch HD Display,Intel Core i5-4th Gen Processor/8GB DDR3L RAM/240GB SSD/Windows 10 Pro English Black",لينوفو,تم تجديده - كمبيوتر محمول T440s ThinkPad Utrabook بشاشة عالية الدقة مقاس 14 بوصة، ومعالج Intel Core i5-4th Gen/ذاكرة الوصول العشوائي DDR3L سعة 8 جيجابايت/محرك أقراص SSD سعة 240 جيجابايت/نظام التشغيل Windows 10 Pro,PF95367148793A,N53403390A,53403390,Order,delivered,2/9/2025,2/9/2025,2/10/2025,AED,0.0,17.8337,0.0,0,0.0,0.0,0.0,17.8337
38594,2025-03-05,PS-38594-AE20250305,noon,NAEH20017258005,NAEH20017258005-2,Lenovo,"Renewed - T440s ThinkPad Utrabook Laptop With14-Inch HD Display,Intel Core i5-4th Gen Processor/8GB DDR3L RAM/240GB SSD/Windows 10 Pro English Black",لينوفو,تم تجديده - كمبيوتر محمول T440s ThinkPad Utrabook بشاشة عالية الدقة مقاس 14 بوصة، ومعالج Intel Core i5-4th Gen/ذاكرة الوصول العشوائي DDR3L سعة 8 جيجابايت/محرك أقراص SSD سعة 240 جيجابايت/نظام التشغيل Windows 10 Pro,PFB3145715763A,N53403390A,53403390,Order,delivered,2/28/2025,2/28/2025,3/1/2025,AED,330.55,-18.1803,-14.5,0,0.0,0.0,0.0,297.8697
38594,2025-02-12,PS-38594-AE20250212,noon,,,,,,,,,,Return Administration Fee,shipped,,,,AED,0.0,0.0,0.0,0,0.0,0.0,-7.15,-7.15
38594,2025-02-12,PS-38594-AE20250212,noon,,,,,,,,,,VAT Payable,shipped,,,,AED,0.0,0.0,0.0,0,0.0,0.0,-46.47,-46.47
38594,2025-02-12,PS-38594-AE20250212,noon,,,,,,,,,,Return Administration Fee,shipped,,,,AED,0.0,0.0,0.0,0,0.0,0.0,-7.2,-7.2
38594,2025-02-12,PS-38594-AE20250212,noon,,,,,,,,,,Return Administration Fee,shipped,,,,AED,0.0,0.0,0.0,0,0.0,0.0,-7.46,-7.46
38594,2025-02-12,PS-38594-AE20250212,noon,NAEH20060720167,NAEH20060720167-2,Lenovo,"Renewed - ThinkPad T470 Laptop With 14-Inch Display,Intel Corei5 Processor/6th Gen/8GB RAM/256GB SSD/Intel HD Graphics Black",لينوفو,مُجدد - لابتوب ثينك باد T470 بشاشة مقاس 14 بوصة ومعالج إنتل كور i5 من الجيل السادس ومزود بذاكرة رام سعة 8 جيجابايت ومحرك أقراص SSD سعة 256 جيجابايت وبطاقة رسومات إنتل بدقة عالية الوضوح أسود,PF90410615568A,N49798236A,49798236,Order,delivered,2/9/2025,2/9/2025,2/10/2025,AED,419.15,-46.1065,-11.5,0,0.0,0.0,0.0,361.5435
38594,2025-02-12,PS-38594-AE20250212,noon,NAEH20052348199,NAEH20052348199-1,Lenovo,"Renewed - ThinkPad T450s Laptop With 14-Inch Display,Intel Core i5 Processor/5th Gen/8GB RAM/256GB SSD/5500MB Intel HD Graphics/Windows 10 Pro Black",لينوفو,لابتوب ثينك باد مجدد T450s مع شاشة 14 بوصة ، معالج إنتل كور i5  الجيل الخامس / ذاكرة رام 8 جيجابايت / سعة تخزين 256 جيجابايت إس إس دي / إنتل يو اتش دى جرافيكس / نظام تشغيل ويندوز 10 برو أسود,PFB7363865189A,N53361285A,53361285,Order,returned,2/4/2025,2/4/2025,2/5/2025,AED,-324.8,35.728,0.0,0,0.0,0.0,0.0,-289.072
38594,2025-02-12,PS-38594-AE20250212,noon,NAEH20031663029,NAEH20031663029-1,Lenovo,"Renewed - ThinkPad T450s Laptop With 14-Inch Display,Intel Core i5 Processor/5th Gen/8GB RAM/256GB SSD/5500MB Intel HD Graphics/Windows 10 Pro Black",لينوفو,لابتوب ثينك باد مجدد T450s مع شاشة 14 بوصة ، معالج إنتل كور i5  الجيل الخامس / ذاكرة رام 8 جيجابايت / سعة تخزين 256 جيجابايت إس إس دي / إنتل يو اتش دى جرافيكس / نظام تشغيل ويندوز 10 برو أسود,PFB2129396852A,N53361285A,53361285,Order,delivered,2/4/2025,2/4/2025,2/6/2025,AED,324.8,-35.728,0.0,0,0.0,0.0,0.0,289.072
38594,2025-02-12,PS-38594-AE20250212,noon,NAEH20086491318,NAEH20086491318-1,Lenovo,"Renewed - ThinkPad T450s Laptop With 14-Inch Display,Intel Core i5 Processor/5th Gen/8GB RAM/256GB SSD/5500MB Intel HD Graphics/Windows 10 Pro Black",لينوفو,لابتوب ثينك باد مجدد T450s مع شاشة 14 بوصة ، معالج إنتل كور i5  الجيل الخامس / ذاكرة رام 8 جيجابايت / سعة تخزين 256 جيجابايت إس إس دي / إنتل يو اتش دى جرافيكس / نظام تشغيل ويندوز 10 برو أسود,PF99124928198A,N53361285A,53361285,Order,delivered,2/10/2025,2/10/2025,2/11/2025,AED,339.0,-37.29,-13.5,0,0.0,0.0,0.0,288.21
38594,2025-02-12,PS-38594-AE20250212,noon,NAEH20061201707,NAEH20061201707-1,Lenovo,"Renewed - ThinkPad T450s Laptop With 14-Inch Display,Intel Core i5 Processor/5th Gen/8GB RAM/256GB SSD/5500MB Intel HD Graphics/Windows 10 Pro Black",لينوفو,لابتوب ثينك باد مجدد T450s مع شاشة 14 بوصة ، معالج إنتل كور i5  الجيل الخامس / ذاكرة رام 8 جيجابايت / سعة تخزين 256 جيجابايت إس إس دي / إنتل يو اتش دى جرافيكس / نظام تشغيل ويندوز 10 برو أسود,PFA8469747795A,N53361285A,53361285,Order,delivered,2/5/2025,2/5/2025,2/6/2025,AED,324.8,-35.728,-13.5,0,0.0,0.0,0.0,275.572
38594,2025-02-12,PS-38594-AE20250212,noon,NAEH20050748175,NAEH20050748175-2,Lenovo,"Renewed - ThinkPad T450s Laptop With 14-Inch Display,Intel Core i5 Processor/5th Gen/8GB RAM/256GB SSD/5500MB Intel HD Graphics/Windows 10 Pro Black",لينوفو,لابتوب ثينك باد مجدد T450s مع شاشة 14 بوصة ، معالج إنتل كور i5  الجيل الخامس / ذاكرة رام 8 جيجابايت / سعة تخزين 256 جيجابايت إس إس دي / إنتل يو اتش دى جرافيكس / نظام تشغيل ويندوز 10 برو أسود,PF92922302572A,N53361285A,53361285,Order,delivered,2/10/2025,2/10/2025,2/10/2025,AED,339.0,-37.29,-13.5,0,0.0,0.0,0.0,288.21
38594,2025-02-12,PS-38594-AE20250212,noon,NAEH20072940032,NAEH20072940032-1,Lenovo,"Renewed - ThinkPad T450s Laptop With 14-Inch Display,Intel Core i5 Processor/5th Gen/8GB RAM/256GB SSD/5500MB Intel HD Graphics/Windows 10 Pro Black",لينوفو,لابتوب ثينك باد مجدد T450s مع شاشة 14 بوصة ، معالج إنتل كور i5  الجيل الخامس / ذاكرة رام 8 جيجابايت / سعة تخزين 256 جيجابايت إس إس دي / إنتل يو اتش دى جرافيكس / نظام تشغيل ويندوز 10 برو أسود,PF91612369637A,N53361285A,53361285,Order,delivered,2/4/2025,2/5/2025,2/6/2025,AED,324.25,-35.6675,-13.5,0,0.0,0.0,0.0,275.0825
38594,2025-02-12,PS-38594-AE20250212,noon,NAEH10082043351,NAEH10082043351-1,Lenovo,"Renewed - ThinkPad T450s Laptop With 14-Inch Display,Intel Core i5 Processor/5th Gen/8GB RAM/256GB SSD/5500MB Intel HD Graphics/Windows 10 Pro Black",لينوفو,لابتوب ثينك باد مجدد T450s مع شاشة 14 بوصة ، معالج إنتل كور i5  الجيل الخامس / ذاكرة رام 8 جيجابايت / سعة تخزين 256 جيجابايت إس إس دي / إنتل يو اتش دى جرافيكس / نظام تشغيل ويندوز 10 برو أسود,PE64568934615A,N53361285A,53361285,Order,returned,1/31/2025,2/1/2025,2/2/2025,AED,-339.0,37.29,0.0,0,0.0,0.0,0.0,-301.71
38594,2025-02-12,PS-38594-AE20250212,noon,NAEH20004296438,NAEH20004296438-2,Lenovo,"Renewed - ThinkPad T450s Laptop With 14-Inch Display,Intel Core i5 Processor/5th Gen/8GB RAM/256GB SSD/5500MB Intel HD Graphics/Windows 10 Pro Black",لينوفو,لابتوب ثينك باد مجدد T450s مع شاشة 14 بوصة ، معالج إنتل كور i5  الجيل الخامس / ذاكرة رام 8 جيجابايت / سعة تخزين 256 جيجابايت إس إس دي / إنتل يو اتش دى جرافيكس / نظام تشغيل ويندوز 10 برو أسود,PFB4580974764A,N53361285A,53361285,Order,returned,2/4/2025,2/4/2025,2/5/2025,AED,-324.8,35.728,0.0,0,0.0,0.0,0.0,-289.072
38594,2025-02-12,PS-38594-AE20250212,noon,NAEH20015748262,NAEH20015748262-1,Lenovo,"Renewed - ThinkPad T450s Laptop With 14-Inch Display,Intel Core i5 Processor/5th Gen/8GB RAM/256GB SSD/5500MB Intel HD Graphics/Windows 10 Pro Black",لينوفو,لابتوب ثينك باد مجدد T450s مع شاشة 14 بوصة ، معالج إنتل كور i5  الجيل الخامس / ذاكرة رام 8 جيجابايت / سعة تخزين 256 جيجابايت إس إس دي / إنتل يو اتش دى جرافيكس / نظام تشغيل ويندوز 10 برو أسود,PF97283457650A,N53361285A,53361285,Order,delivered,2/5/2025,2/5/2025,2/6/2025,AED,326.8,-35.948,-13.5,0,0.0,0.0,0.0,277.352
38594,2025-02-12,PS-38594-AE20250212,noon,NAEH20067763190,NAEH20067763190-1,Lenovo,"Renewed - ThinkPad T450s Laptop With 14-Inch Display,Intel Core i5 Processor/5th Gen/8GB RAM/256GB SSD/5500MB Intel HD Graphics/Windows 10 Pro Black",لينوفو,لابتوب ثينك باد مجدد T450s مع شاشة 14 بوصة ، معالج إنتل كور i5  الجيل الخامس / ذاكرة رام 8 جيجابايت / سعة تخزين 256 جيجابايت إس إس دي / إنتل يو اتش دى جرافيكس / نظام تشغيل ويندوز 10 برو أسود,PFB4521175507A,N53361285A,53361285,Order,returned,2/5/2025,2/5/2025,2/6/2025,AED,0.0,0.0,-13.5,0,0.0,0.0,0.0,-13.5
38594,2025-02-12,PS-38594-AE20250212,noon,NAEH20054727074,NAEH20054727074-1,Lenovo,"Renewed - ThinkPad T450s Laptop With 14-Inch Display,Intel Core i5 Processor/5th Gen/8GB RAM/256GB SSD/5500MB Intel HD Graphics/Windows 10 Pro Black",لينوفو,لابتوب ثينك باد مجدد T450s مع شاشة 14 بوصة ، معالج إنتل كور i5  الجيل الخامس / ذاكرة رام 8 جيجابايت / سعة تخزين 256 جيجابايت إس إس دي / إنتل يو اتش دى جرافيكس / نظام تشغيل ويندوز 10 برو أسود,PF90873359792A,N53361285A,53361285,Order,delivered,2/5/2025,2/5/2025,2/6/2025,AED,327.0,-35.97,-13.5,0,0.0,0.0,0.0,277.53
38594,2025-02-12,PS-38594-AE20250212,noon,NAEH20000905278,NAEH20000905278-1,Lenovo,"Renewed - ThinkPad T450s Laptop With 14-Inch Display,Intel Core i5 Processor/5th Gen/8GB RAM/256GB SSD/5500MB Intel HD Graphics/Windows 10 Pro Black",لينوفو,لابتوب ثينك باد مجدد T450s مع شاشة 14 بوصة ، معالج إنتل كور i5  الجيل الخامس / ذاكرة رام 8 جيجابايت / سعة تخزين 256 جيجابايت إس إس دي / إنتل يو اتش دى جرافيكس / نظام تشغيل ويندوز 10 برو أسود,PF96856132499A,N53361285A,53361285,Order,delivered,2/10/2025,2/10/2025,2/11/2025,AED,339.0,-37.29,-13.5,0,0.0,0.0,0.0,288.21
38594,2025-02-12,PS-38594-AE20250212,noon,NAEH20011532692,NAEH20011532692-1,Lenovo,"Renewed - ThinkPad T450s Laptop With 14-Inch Display,Intel Core i5 Processor/5th Gen/8GB RAM/256GB SSD/5500MB Intel HD Graphics/Windows 10 Pro Black",لينوفو,لابتوب ثينك باد مجدد T450s مع شاشة 14 بوصة ، معالج إنتل كور i5  الجيل الخامس / ذاكرة رام 8 جيجابايت / سعة تخزين 256 جيجابايت إس إس دي / إنتل يو اتش دى جرافيكس / نظام تشغيل ويندوز 10 برو أسود,PFB9270837315A,N53361285A,53361285,Order,returned,2/5/2025,2/5/2025,2/6/2025,AED,324.8,-35.728,-13.5,0,0.0,0.0,0.0,275.572
38594,2025-02-12,PS-38594-AE20250212,noon,NAEH20026887832,NAEH20026887832-1,Lenovo,"Renewed - ThinkPad T450s Laptop With 14-Inch Display,Intel Core i5 Processor/5th Gen/8GB RAM/256GB SSD/5500MB Intel HD Graphics/Windows 10 Pro Black",لينوفو,لابتوب ثينك باد مجدد T450s مع شاشة 14 بوصة ، معالج إنتل كور i5  الجيل الخامس / ذاكرة رام 8 جيجابايت / سعة تخزين 256 جيجابايت إس إس دي / إنتل يو اتش دى جرافيكس / نظام تشغيل ويندوز 10 برو أسود,PF90068052497A,N53361285A,53361285,Order,delivered,2/9/2025,2/9/2025,2/10/2025,AED,339.0,-37.29,-13.5,0,0.0,0.0,0.0,288.21
38594,2025-02-12,PS-38594-AE20250212,noon,NAEH20099290699,NAEH20099290699-1,Lenovo,"Renewed - ThinkPad T450s Laptop With 14-Inch Display,Intel Core i5 Processor/5th Gen/8GB RAM/256GB SSD/5500MB Intel HD Graphics/Windows 10 Pro Black",لينوفو,لابتوب ثينك باد مجدد T450s مع شاشة 14 بوصة ، معالج إنتل كور i5  الجيل الخامس / ذاكرة رام 8 جيجابايت / سعة تخزين 256 جيجابايت إس إس دي / إنتل يو اتش دى جرافيكس / نظام تشغيل ويندوز 10 برو أسود,PF98460694061A,N53361285A,53361285,Order,delivered,2/5/2025,2/6/2025,2/7/2025,AED,326.8,-35.948,-13.5,0,0.0,0.0,0.0,277.352
38594,2025-02-12,PS-38594-AE20250212,noon,NAEH20076231037,NAEH20076231037-1,Lenovo,"Renewed - ThinkPad T450s Laptop With 14-Inch Display,Intel Core i5 Processor/5th Gen/8GB RAM/256GB SSD/5500MB Intel HD Graphics/Windows 10 Pro Black",لينوفو,لابتوب ثينك باد مجدد T450s مع شاشة 14 بوصة ، معالج إنتل كور i5  الجيل الخامس / ذاكرة رام 8 جيجابايت / سعة تخزين 256 جيجابايت إس إس دي / إنتل يو اتش دى جرافيكس / نظام تشغيل ويندوز 10 برو أسود,PFB5338195858A,N53361285A,53361285,Order,delivered,2/10/2025,2/10/2025,2/11/2025,AED,339.0,-37.29,-13.5,0,0.0,0.0,0.0,288.21
38594,2025-02-12,PS-38594-AE20250212,noon,NAEH20008119917,NAEH20008119917-1,Lenovo,"Renewed - ThinkPad T450s Laptop With 14-Inch Display,Intel Core i5 Processor/5th Gen/8GB RAM/256GB SSD/5500MB Intel HD Graphics/Windows 10 Pro Black",لينوفو,لابتوب ثينك باد مجدد T450s مع شاشة 14 بوصة ، معالج إنتل كور i5  الجيل الخامس / ذاكرة رام 8 جيجابايت / سعة تخزين 256 جيجابايت إس إس دي / إنتل يو اتش دى جرافيكس / نظام تشغيل ويندوز 10 برو أسود,PF98297034184A,N53361285A,53361285,Order,delivered,2/5/2025,2/5/2025,2/6/2025,AED,327.55,-36.0305,-13.5,0,0.0,0.0,0.0,278.0195
38594,2025-02-12,PS-38594-AE20250212,noon,NAEH20056643298,NAEH20056643298-1,Lenovo,"Renewed - ThinkPad T450s Laptop With 14-Inch Display,Intel Core i5 Processor/5th Gen/8GB RAM/256GB SSD/5500MB Intel HD Graphics/Windows 10 Pro Black",لينوفو,لابتوب ثينك باد مجدد T450s مع شاشة 14 بوصة ، معالج إنتل كور i5  الجيل الخامس / ذاكرة رام 8 جيجابايت / سعة تخزين 256 جيجابايت إس إس دي / إنتل يو اتش دى جرافيكس / نظام تشغيل ويندوز 10 برو أسود,PF90077565915A,N53361285A,53361285,Order,delivered,2/10/2025,2/10/2025,2/11/2025,AED,339.0,-37.29,-13.5,0,0.0,0.0,0.0,288.21
38594,2025-02-12,PS-38594-AE20250212,noon,NAEH20027326063,NAEH20027326063-1,Lenovo,"Renewed - ThinkPad T450s Laptop With 14-Inch Display,Intel Core i5 Processor/5th Gen/8GB RAM/256GB SSD/5500MB Intel HD Graphics/Windows 10 Pro Black",لينوفو,لابتوب ثينك باد مجدد T450s مع شاشة 14 بوصة ، معالج إنتل كور i5  الجيل الخامس / ذاكرة رام 8 جيجابايت / سعة تخزين 256 جيجابايت إس إس دي / إنتل يو اتش دى جرافيكس / نظام تشغيل ويندوز 10 برو أسود,PFB6757739581A,N53361285A,53361285,Order,delivered,2/5/2025,2/5/2025,2/6/2025,AED,327.55,-36.0305,-13.5,0,0.0,0.0,0.0,278.0195
38594,2025-02-12,PS-38594-AE20250212,noon,NAEH20033807159,NAEH20033807159-1,Lenovo,"Renewed - ThinkPad T450s Laptop With 14-Inch Display,Intel Core i5 Processor/5th Gen/8GB RAM/256GB SSD/5500MB Intel HD Graphics/Windows 10 Pro Black",لينوفو,لابتوب ثينك باد مجدد T450s مع شاشة 14 بوصة ، معالج إنتل كور i5  الجيل الخامس / ذاكرة رام 8 جيجابايت / سعة تخزين 256 جيجابايت إس إس دي / إنتل يو اتش دى جرافيكس / نظام تشغيل ويندوز 10 برو أسود,PFB1803033512A,N53361285A,53361285,Order,delivered,2/9/2025,2/10/2025,2/11/2025,AED,339.0,-37.29,-13.5,0,0.0,0.0,0.0,288.21
38594,2025-02-12,PS-38594-AE20250212,noon,NAEH20034763248,NAEH20034763248-1,Lenovo,"Renewed - ThinkPad T450s Laptop With 14-Inch Display,Intel Core i5 Processor/5th Gen/8GB RAM/256GB SSD/5500MB Intel HD Graphics/Windows 10 Pro Black",لينوفو,لابتوب ثينك باد مجدد T450s مع شاشة 14 بوصة ، معالج إنتل كور i5  الجيل الخامس / ذاكرة رام 8 جيجابايت / سعة تخزين 256 جيجابايت إس إس دي / إنتل يو اتش دى جرافيكس / نظام تشغيل ويندوز 10 برو أسود,PFB9460343468A,N53361285A,53361285,Order,delivered,2/9/2025,2/9/2025,2/10/2025,AED,339.0,-37.29,-13.5,0,0.0,0.0,0.0,288.21
38594,2025-02-12,PS-38594-AE20250212,noon,NAEH20050748175,NAEH20050748175-1,Lenovo,"Renewed - ThinkPad T450s Laptop With 14-Inch Display,Intel Core i5 Processor/5th Gen/8GB RAM/256GB SSD/5500MB Intel HD Graphics/Windows 10 Pro Black",لينوفو,لابتوب ثينك باد مجدد T450s مع شاشة 14 بوصة ، معالج إنتل كور i5  الجيل الخامس / ذاكرة رام 8 جيجابايت / سعة تخزين 256 جيجابايت إس إس دي / إنتل يو اتش دى جرافيكس / نظام تشغيل ويندوز 10 برو أسود,PF92922302572A,N53361285A,53361285,Order,delivered,2/10/2025,2/10/2025,2/10/2025,AED,339.0,-37.29,-13.5,0,0.0,0.0,0.0,288.21
38594,2025-02-12,PS-38594-AE20250212,noon,NAEH20003680205,NAEH20003680205-1,Lenovo,"Renewed - T440s ThinkPad Utrabook Laptop With14-Inch HD Display,Intel Core i5-4th Gen Processor/8GB DDR3L RAM/240GB SSD/Windows 10 Pro English Black",لينوفو,تم تجديده - كمبيوتر محمول T440s ThinkPad Utrabook بشاشة عالية الدقة مقاس 14 بوصة، ومعالج Intel Core i5-4th Gen/ذاكرة الوصول العشوائي DDR3L سعة 8 جيجابايت/محرك أقراص SSD سعة 240 جيجابايت/نظام التشغيل Windows 10 Pro,PF95367148793A,N53403390A,53403390,Order,delivered,2/9/2025,2/9/2025,2/10/2025,AED,324.25,-35.6675,-14.5,0,0.0,0.0,0.0,274.0825
38594,2025-02-06,PS-38594-AE20250206,noon,,,,,,,,,,VAT Payable,shipped,,,,AED,0.0,0.0,0.0,0,0.0,0.0,-26.91,-26.91
38594,2025-02-06,PS-38594-AE20250206,noon,NAEH10082043351,,,,,,PE64568934615A,,,Directship Outbound Fee,shipped,1/31/2025,,,AED,0.0,0.0,0.0,0,0.0,0.0,-18.5,-18.5
38594,2025-02-06,PS-38594-AE20250206,noon,NAEH10082043351,NAEH10082043351-1,Lenovo,"Renewed - ThinkPad T450s Laptop With 14-Inch Display,Intel Core i5 Processor/5th Gen/8GB RAM/256GB SSD/5500MB Intel HD Graphics/Windows 10 Pro Black",لينوفو,لابتوب ثينك باد مجدد T450s مع شاشة 14 بوصة ، معالج إنتل كور i5  الجيل الخامس / ذاكرة رام 8 جيجابايت / سعة تخزين 256 جيجابايت إس إس دي / إنتل يو اتش دى جرافيكس / نظام تشغيل ويندوز 10 برو أسود,PE64568934615A,N53361285A,53361285,Order,returned,1/31/2025,2/1/2025,2/2/2025,AED,339.0,-37.29,0.0,0,0.0,4.761904762,0.0,306.4719048
38594,2025-02-06,PS-38594-AE20250206,noon,NAEH20010235079,NAEH20010235079-2,Lenovo,"Renewed - ThinkPad T450s Laptop With 14-Inch Display,Intel Core i5 Processor/5th Gen/8GB RAM/256GB SSD/5500MB Intel HD Graphics/Windows 10 Pro Black",لينوفو,لابتوب ثينك باد مجدد T450s مع شاشة 14 بوصة ، معالج إنتل كور i5  الجيل الخامس / ذاكرة رام 8 جيجابايت / سعة تخزين 256 جيجابايت إس إس دي / إنتل يو اتش دى جرافيكس / نظام تشغيل ويندوز 10 برو أسود,PF97925041246A,N53361285A,53361285,Order,delivered,2/3/2025,2/4/2025,2/5/2025,AED,327.0,-35.97,-13.5,0,0.0,0.0,0.0,277.53
38594,2025-02-06,PS-38594-AE20250206,noon,NAEH20023809727,NAEH20023809727-1,Lenovo,"Renewed - ThinkPad T450s Laptop With 14-Inch Display,Intel Core i5 Processor/5th Gen/8GB RAM/256GB SSD/5500MB Intel HD Graphics/Windows 10 Pro Black",لينوفو,لابتوب ثينك باد مجدد T450s مع شاشة 14 بوصة ، معالج إنتل كور i5  الجيل الخامس / ذاكرة رام 8 جيجابايت / سعة تخزين 256 جيجابايت إس إس دي / إنتل يو اتش دى جرافيكس / نظام تشغيل ويندوز 10 برو أسود,PF93250069113A,N53361285A,53361285,Order,delivered,2/4/2025,2/4/2025,2/4/2025,AED,327.55,-36.0305,-13.5,0,0.0,0.0,0.0,278.0195
38594,2025-02-06,PS-38594-AE20250206,noon,NAEH20010235079,NAEH20010235079-1,Lenovo,"Renewed - ThinkPad T450s Laptop With 14-Inch Display,Intel Core i5 Processor/5th Gen/8GB RAM/256GB SSD/5500MB Intel HD Graphics/Windows 10 Pro Black",لينوفو,لابتوب ثينك باد مجدد T450s مع شاشة 14 بوصة ، معالج إنتل كور i5  الجيل الخامس / ذاكرة رام 8 جيجابايت / سعة تخزين 256 جيجابايت إس إس دي / إنتل يو اتش دى جرافيكس / نظام تشغيل ويندوز 10 برو أسود,PF97925041246A,N53361285A,53361285,Order,delivered,2/3/2025,2/4/2025,2/5/2025,AED,327.0,-35.97,-13.5,0,0.0,0.0,0.0,277.53
38594,2025-02-06,PS-38594-AE20250206,noon,NAEH20068527023,NAEH20068527023-1,Lenovo,"Renewed - ThinkPad T450s Laptop With 14-Inch Display,Intel Core i5 Processor/5th Gen/8GB RAM/256GB SSD/5500MB Intel HD Graphics/Windows 10 Pro Black",لينوفو,لابتوب ثينك باد مجدد T450s مع شاشة 14 بوصة ، معالج إنتل كور i5  الجيل الخامس / ذاكرة رام 8 جيجابايت / سعة تخزين 256 جيجابايت إس إس دي / إنتل يو اتش دى جرافيكس / نظام تشغيل ويندوز 10 برو أسود,PFB9181287963A,N53361285A,53361285,Order,delivered,2/4/2025,2/4/2025,2/5/2025,AED,327.0,-35.97,-13.5,0,0.0,0.0,0.0,277.53
38594,2025-02-06,PS-38594-AE20250206,noon,NAEH20052348199,NAEH20052348199-1,Lenovo,"Renewed - ThinkPad T450s Laptop With 14-Inch Display,Intel Core i5 Processor/5th Gen/8GB RAM/256GB SSD/5500MB Intel HD Graphics/Windows 10 Pro Black",لينوفو,لابتوب ثينك باد مجدد T450s مع شاشة 14 بوصة ، معالج إنتل كور i5  الجيل الخامس / ذاكرة رام 8 جيجابايت / سعة تخزين 256 جيجابايت إس إس دي / إنتل يو اتش دى جرافيكس / نظام تشغيل ويندوز 10 برو أسود,PFB7363865189A,N53361285A,53361285,Order,returned,2/4/2025,2/4/2025,2/5/2025,AED,324.8,-35.728,-13.5,0,0.0,0.0,0.0,275.572
38594,2025-02-06,PS-38594-AE20250206,noon,NAEH20031663029,NAEH20031663029-1,Lenovo,"Renewed - ThinkPad T450s Laptop With 14-Inch Display,Intel Core i5 Processor/5th Gen/8GB RAM/256GB SSD/5500MB Intel HD Graphics/Windows 10 Pro Black",لينوفو,لابتوب ثينك باد مجدد T450s مع شاشة 14 بوصة ، معالج إنتل كور i5  الجيل الخامس / ذاكرة رام 8 جيجابايت / سعة تخزين 256 جيجابايت إس إس دي / إنتل يو اتش دى جرافيكس / نظام تشغيل ويندوز 10 برو أسود,PFB2129396852A,N53361285A,53361285,Order,delivered,2/4/2025,2/4/2025,2/6/2025,AED,0.0,0.0,-13.5,0,0.0,0.0,0.0,-13.5
38594,2025-02-06,PS-38594-AE20250206,noon,NAEH20095472452,NAEH20095472452-1,Lenovo,"Renewed - ThinkPad T450s Laptop With 14-Inch Display,Intel Core i5 Processor/5th Gen/8GB RAM/256GB SSD/5500MB Intel HD Graphics/Windows 10 Pro Black",لينوفو,لابتوب ثينك باد مجدد T450s مع شاشة 14 بوصة ، معالج إنتل كور i5  الجيل الخامس / ذاكرة رام 8 جيجابايت / سعة تخزين 256 جيجابايت إس إس دي / إنتل يو اتش دى جرافيكس / نظام تشغيل ويندوز 10 برو أسود,PFB2467892043A,N53361285A,53361285,Order,delivered,2/4/2025,2/4/2025,2/5/2025,AED,324.8,-35.728,-13.5,0,0.0,0.0,0.0,275.572
38594,2025-02-06,PS-38594-AE20250206,noon,NAEH20069614388,NAEH20069614388-2,Lenovo,"Renewed - ThinkPad T450s Laptop With 14-Inch Display,Intel Core i5 Processor/5th Gen/8GB RAM/256GB SSD/5500MB Intel HD Graphics/Windows 10 Pro Black",لينوفو,لابتوب ثينك باد مجدد T450s مع شاشة 14 بوصة ، معالج إنتل كور i5  الجيل الخامس / ذاكرة رام 8 جيجابايت / سعة تخزين 256 جيجابايت إس إس دي / إنتل يو اتش دى جرافيكس / نظام تشغيل ويندوز 10 برو أسود,PFB3173791162A,N53361285A,53361285,Order,delivered,2/4/2025,2/4/2025,2/4/2025,AED,324.8,-35.728,-13.5,0,0.0,0.0,0.0,275.572
38594,2025-02-06,PS-38594-AE20250206,noon,NAEH20004296438,NAEH20004296438-2,Lenovo,"Renewed - ThinkPad T450s Laptop With 14-Inch Display,Intel Core i5 Processor/5th Gen/8GB RAM/256GB SSD/5500MB Intel HD Graphics/Windows 10 Pro Black",لينوفو,لابتوب ثينك باد مجدد T450s مع شاشة 14 بوصة ، معالج إنتل كور i5  الجيل الخامس / ذاكرة رام 8 جيجابايت / سعة تخزين 256 جيجابايت إس إس دي / إنتل يو اتش دى جرافيكس / نظام تشغيل ويندوز 10 برو أسود,PFB4580974764A,N53361285A,53361285,Order,returned,2/4/2025,2/4/2025,2/5/2025,AED,324.8,-35.728,-13.5,0,0.0,0.0,0.0,275.572
38594,2025-02-06,PS-38594-AE20250206,noon,NAEH20070360193,NAEH20070360193-1,Lenovo,"Renewed - ThinkPad T450s Laptop With 14-Inch Display,Intel Core i5 Processor/5th Gen/8GB RAM/256GB SSD/5500MB Intel HD Graphics/Windows 10 Pro Black",لينوفو,لابتوب ثينك باد مجدد T450s مع شاشة 14 بوصة ، معالج إنتل كور i5  الجيل الخامس / ذاكرة رام 8 جيجابايت / سعة تخزين 256 جيجابايت إس إس دي / إنتل يو اتش دى جرافيكس / نظام تشغيل ويندوز 10 برو أسود,PF94934332590A,N53361285A,53361285,Order,delivered,2/4/2025,2/4/2025,2/5/2025,AED,324.8,-35.728,-13.5,0,0.0,0.0,0.0,275.572
38594,2025-02-06,PS-38594-AE20250206,noon,NAEH20037828090,NAEH20037828090-1,Lenovo,"Renewed - Thinkpad 11e Yoga Laptop With 11.6-Inch HD Touch Screen Display,Intel Celeron/4th Gen/4GB DDR4 RAM/256GB SSD/Windows 10 Pro English Black",لينوفو,"Renewed - Thinkpad 11e Yoga Laptop With 11.6-Inch HD Touch Screen Display,Intel Celeron/4th Gen/4GB DDR4 RAM/256GB SSD/Windows 10 Pro English Black",PFB3879052464A,N70084865V-1,70084865,Order,delivered,2/3/2025,2/3/2025,2/5/2025,AED,290.0,-15.95,-13.5,0,0.0,0.0,0.0,260.55
38594,2025-02-19,PS-38594-AE20250219,noon,,,,,,,,,,VAT Payable,shipped,,,,AED,0.0,0.0,0.0,0,0.0,0.0,-18.1,-18.1
38594,2025-02-19,PS-38594-AE20250219,noon,,,,,,,,,,Return Administration Fee,shipped,,,,AED,0.0,0.0,0.0,0,0.0,0.0,-7.15,-7.15
38594,2025-02-19,PS-38594-AE20250219,noon,NAEH20072673617,NAEH20072673617-1,Lenovo,"Renewed - ThinkPad T470 Laptop With 14-Inch Display,Intel Corei5 Processor/6th Gen/8GB RAM/256GB SSD/Intel HD Graphics Black",لينوفو,مُجدد - لابتوب ثينك باد T470 بشاشة مقاس 14 بوصة ومعالج إنتل كور i5 من الجيل السادس ومزود بذاكرة رام سعة 8 جيجابايت ومحرك أقراص SSD سعة 256 جيجابايت وبطاقة رسومات إنتل بدقة عالية الوضوح أسود,PF90381858590A,N49798236A,49798236,Order,returned,2/16/2025,2/16/2025,2/17/2025,AED,403.85,-44.4235,-11.5,0,0.0,0.0,0.0,347.9265
38594,2025-02-19,PS-38594-AE20250219,noon,NAEH20048335041,NAEH20048335041-1,Lenovo,"Renewed - ThinkPad T470 Laptop With 14-Inch Display,Intel Corei5 Processor/6th Gen/8GB RAM/256GB SSD/Intel HD Graphics Black",لينوفو,مُجدد - لابتوب ثينك باد T470 بشاشة مقاس 14 بوصة ومعالج إنتل كور i5 من الجيل السادس ومزود بذاكرة رام سعة 8 جيجابايت ومحرك أقراص SSD سعة 256 جيجابايت وبطاقة رسومات إنتل بدقة عالية الوضوح أسود,PFB5510412041A,N49798236A,49798236,Order,delivered,2/12/2025,2/12/2025,2/14/2025,AED,399.35,-43.9285,-11.5,0,0.0,0.0,0.0,343.9215
38594,2025-02-19,PS-38594-AE20250219,noon,NAEH20066260046,NAEH20066260046-1,Lenovo,"Renewed - ThinkPad T470 Laptop With 14-Inch Display,Intel Corei5 Processor/6th Gen/8GB RAM/256GB SSD/Intel HD Graphics Black",لينوفو,مُجدد - لابتوب ثينك باد T470 بشاشة مقاس 14 بوصة ومعالج إنتل كور i5 من الجيل السادس ومزود بذاكرة رام سعة 8 جيجابايت ومحرك أقراص SSD سعة 256 جيجابايت وبطاقة رسومات إنتل بدقة عالية الوضوح أسود,PF98835498292A,N49798236A,49798236,Order,delivered,2/15/2025,2/15/2025,2/16/2025,AED,403.85,-44.4235,-11.5,0,0.0,0.0,0.0,347.9265
38594,2025-02-19,PS-38594-AE20250219,noon,NAEH20055545749,NAEH20055545749-1,Lenovo,"Renewed - ThinkPad T470 Laptop With 14-Inch Display,Intel Corei5 Processor/6th Gen/8GB RAM/256GB SSD/Intel HD Graphics Black",لينوفو,مُجدد - لابتوب ثينك باد T470 بشاشة مقاس 14 بوصة ومعالج إنتل كور i5 من الجيل السادس ومزود بذاكرة رام سعة 8 جيجابايت ومحرك أقراص SSD سعة 256 جيجابايت وبطاقة رسومات إنتل بدقة عالية الوضوح أسود,PF93514629141A,N49798236A,49798236,Order,delivered,2/12/2025,2/13/2025,2/14/2025,AED,399.35,-43.9285,-11.5,0,0.0,0.0,0.0,343.9215
38594,2025-02-19,PS-38594-AE20250219,noon,NAEH20057255078,NAEH20057255078-1,Lenovo,"Renewed - ThinkPad T470 Laptop With 14-Inch Display,Intel Corei5 Processor/6th Gen/8GB RAM/256GB SSD/Intel HD Graphics Black",لينوفو,مُجدد - لابتوب ثينك باد T470 بشاشة مقاس 14 بوصة ومعالج إنتل كور i5 من الجيل السادس ومزود بذاكرة رام سعة 8 جيجابايت ومحرك أقراص SSD سعة 256 جيجابايت وبطاقة رسومات إنتل بدقة عالية الوضوح أسود,PF93709154960A,N49798236A,49798236,Order,delivered,2/16/2025,2/16/2025,2/17/2025,AED,403.85,-44.4235,-11.5,0,0.0,0.0,0.0,347.9265
38594,2025-02-19,PS-38594-AE20250219,noon,NAEH20066260046,NAEH20066260046-2,Lenovo,"Renewed - ThinkPad T470 Laptop With 14-Inch Display,Intel Corei5 Processor/6th Gen/8GB RAM/256GB SSD/Intel HD Graphics Black",لينوفو,مُجدد - لابتوب ثينك باد T470 بشاشة مقاس 14 بوصة ومعالج إنتل كور i5 من الجيل السادس ومزود بذاكرة رام سعة 8 جيجابايت ومحرك أقراص SSD سعة 256 جيجابايت وبطاقة رسومات إنتل بدقة عالية الوضوح أسود,PF98835498292A,N49798236A,49798236,Order,delivered,2/15/2025,2/15/2025,2/16/2025,AED,403.85,-44.4235,-11.5,0,0.0,0.0,0.0,347.9265
38594,2025-02-19,PS-38594-AE20250219,noon,NAEH20064814765,NAEH20064814765-1,Lenovo,"Renewed - ThinkPad T470 Laptop With 14-Inch Display,Intel Corei5 Processor/6th Gen/8GB RAM/256GB SSD/Intel HD Graphics Black",لينوفو,مُجدد - لابتوب ثينك باد T470 بشاشة مقاس 14 بوصة ومعالج إنتل كور i5 من الجيل السادس ومزود بذاكرة رام سعة 8 جيجابايت ومحرك أقراص SSD سعة 256 جيجابايت وبطاقة رسومات إنتل بدقة عالية الوضوح أسود,PF92561133717A,N49798236A,49798236,Order,delivered,2/15/2025,2/15/2025,2/16/2025,AED,403.85,-44.4235,-11.5,0,0.0,0.0,0.0,347.9265
38594,2025-02-19,PS-38594-AE20250219,noon,NAEH20011532692,NAEH20011532692-1,Lenovo,"Renewed - ThinkPad T450s Laptop With 14-Inch Display,Intel Core i5 Processor/5th Gen/8GB RAM/256GB SSD/5500MB Intel HD Graphics/Windows 10 Pro Black",لينوفو,لابتوب ثينك باد مجدد T450s مع شاشة 14 بوصة ، معالج إنتل كور i5  الجيل الخامس / ذاكرة رام 8 جيجابايت / سعة تخزين 256 جيجابايت إس إس دي / إنتل يو اتش دى جرافيكس / نظام تشغيل ويندوز 10 برو أسود,PFB9270837315A,N53361285A,53361285,Order,returned,2/5/2025,2/5/2025,2/6/2025,AED,-324.8,35.728,0.0,0,0.0,0.0,0.0,-289.072
38594,2025-01-08,PS-38594-AE20250108,noon,NAEH10020083213,,,,,,PE63594198377A,,,Directship Outbound Fee,shipped,1/1/2025,,,AED,0.0,0.0,0.0,0,0.0,0.0,-12.5,-12.5
38594,2025-01-08,PS-38594-AE20250108,noon,NAEGC0024227450,,,,,,PE65328487648A,,,Directship Outbound Fee,shipped,12/31/2024,,,AED,0.0,0.0,0.0,0,0.0,0.0,-12.5,-12.5
38594,2025-01-08,PS-38594-AE20250108,noon,NAEH10095176408,,,,,,PE68350300235A,,,Directship Outbound Fee,shipped,1/6/2025,,,AED,0.0,0.0,0.0,0,0.0,0.0,-18.5,-18.5
38594,2025-01-08,PS-38594-AE20250108,noon,NAEGC0005507885,,,,,,PE66543172107A,,,Directship Outbound Fee,shipped,12/30/2024,,,AED,0.0,0.0,0.0,0,0.0,0.0,-18.5,-18.5
38594,2025-01-08,PS-38594-AE20250108,noon,NAEH10020083213,,,,,,PE65713601514A,,,Directship Outbound Fee,shipped,1/1/2025,,,AED,0.0,0.0,0.0,0,0.0,0.0,-12.5,-12.5
38594,2025-01-08,PS-38594-AE20250108,noon,,,,,,,,,,Return Administration Fee,shipped,,,,AED,0.0,0.0,0.0,0,0.0,0.0,-7.58,-7.58
38594,2025-01-08,PS-38594-AE20250108,noon,NAEH10061472787,,,,,,PE61668512378A,,,Directship Outbound Fee,shipped,1/2/2025,,,AED,0.0,0.0,0.0,0,0.0,0.0,-18.5,-18.5
38594,2025-01-08,PS-38594-AE20250108,noon,,,,,,,,,,VAT Payable,shipped,,,,AED,0.0,0.0,0.0,0,0.0,0.0,-51.99,-51.99
38594,2025-01-08,PS-38594-AE20250108,noon,NAEH10061472787,,,,,,PE10558938117A,,,Directship Outbound Fee,shipped,1/2/2025,,,AED,0.0,0.0,0.0,0,0.0,0.0,-18.5,-18.5
38594,2025-01-08,PS-38594-AE20250108,noon,NAEGC0037349598,,,,,,PE60578457259A,,,Directship Outbound Fee,shipped,1/1/2025,,,AED,0.0,0.0,0.0,0,0.0,0.0,-18.5,-18.5
38594,2025-01-08,PS-38594-AE20250108,noon,,,,,,,,,,Return Administration Fee,shipped,,,,AED,0.0,0.0,0.0,0,0.0,0.0,-7.52,-7.52
38594,2025-01-08,PS-38594-AE20250108,noon,NAEH10020083213,,,,,,PE69544598454A,,,Directship Outbound Fee,shipped,1/1/2025,,,AED,0.0,0.0,0.0,0,0.0,0.0,-12.5,-12.5
38594,2025-01-08,PS-38594-AE20250108,noon,NAEH10044606072,,,,,,PE60519117338A,,,Directship Outbound Fee,shipped,1/1/2025,,,AED,0.0,0.0,0.0,0,0.0,0.0,-18.5,-18.5
38594,2025-01-08,PS-38594-AE20250108,noon,NAEH10061472787,NAEH10061472787-2,Lenovo,"Renewed - ThinkPad T450s Laptop With 14-Inch Display,Intel Core i5 Processor/5th Gen/8GB RAM/256GB SSD/5500MB Intel HD Graphics/Windows 10 Pro Black",لينوفو,لابتوب ثينك باد مجدد T450s مع شاشة 14 بوصة ، معالج إنتل كور i5  الجيل الخامس / ذاكرة رام 8 جيجابايت / سعة تخزين 256 جيجابايت إس إس دي / إنتل يو اتش دى جرافيكس / نظام تشغيل ويندوز 10 برو أسود,PE61668512378A,N53361285A,53361285,Order,delivered,1/2/2025,1/4/2025,1/5/2025,AED,349.25,-38.4175,0.0,0,0.0,0.0,0.0,310.8325
38594,2025-01-08,PS-38594-AE20250108,noon,NAEGC0037349598,NAEGC0037349598-1,Lenovo,"Renewed - ThinkPad T450s Laptop With 14-Inch Display,Intel Core i5 Processor/5th Gen/8GB RAM/256GB SSD/5500MB Intel HD Graphics/Windows 10 Pro Black",لينوفو,لابتوب ثينك باد مجدد T450s مع شاشة 14 بوصة ، معالج إنتل كور i5  الجيل الخامس / ذاكرة رام 8 جيجابايت / سعة تخزين 256 جيجابايت إس إس دي / إنتل يو اتش دى جرافيكس / نظام تشغيل ويندوز 10 برو أسود,PE60578457259A,N53361285A,53361285,Order,delivered,12/31/2024,1/1/2025,1/3/2025,AED,342.0,-37.62,0.0,0,0.0,4.761904762,0.0,309.1419048
38594,2025-01-08,PS-38594-AE20250108,noon,NAEH10002676960,NAEH10002676960-1,Lenovo,"Renewed - ThinkPad T450s Laptop With 14-Inch Display,Intel Core i5 Processor/5th Gen/8GB RAM/256GB SSD/5500MB Intel HD Graphics/Windows 10 Pro Black",لينوفو,لابتوب ثينك باد مجدد T450s مع شاشة 14 بوصة ، معالج إنتل كور i5  الجيل الخامس / ذاكرة رام 8 جيجابايت / سعة تخزين 256 جيجابايت إس إس دي / إنتل يو اتش دى جرافيكس / نظام تشغيل ويندوز 10 برو أسود,PFB7213193336A,N53361285A,53361285,Order,delivered,1/6/2025,1/7/2025,1/8/2025,AED,324.05,-35.6455,-13.5,0,0.0,0.0,0.0,274.9045
38594,2025-01-08,PS-38594-AE20250108,noon,NAEH10044606072,NAEH10044606072-2,Lenovo,"Renewed - ThinkPad T450s Laptop With 14-Inch Display,Intel Core i5 Processor/5th Gen/8GB RAM/256GB SSD/5500MB Intel HD Graphics/Windows 10 Pro Black",لينوفو,لابتوب ثينك باد مجدد T450s مع شاشة 14 بوصة ، معالج إنتل كور i5  الجيل الخامس / ذاكرة رام 8 جيجابايت / سعة تخزين 256 جيجابايت إس إس دي / إنتل يو اتش دى جرافيكس / نظام تشغيل ويندوز 10 برو أسود,PE60519117338A,N53361285A,53361285,Order,delivered,1/1/2025,1/1/2025,1/5/2025,AED,342.0,-37.62,0.0,0,0.0,4.761904762,0.0,309.1419048
38594,2025-01-08,PS-38594-AE20250108,noon,NAEGC0047969602,NAEGC0047969602-1,Lenovo,"Renewed - ThinkPad T450s Laptop With 14-Inch Display,Intel Core i5 Processor/5th Gen/8GB RAM/256GB SSD/5500MB Intel HD Graphics/Windows 10 Pro Black",لينوفو,لابتوب ثينك باد مجدد T450s مع شاشة 14 بوصة ، معالج إنتل كور i5  الجيل الخامس / ذاكرة رام 8 جيجابايت / سعة تخزين 256 جيجابايت إس إس دي / إنتل يو اتش دى جرافيكس / نظام تشغيل ويندوز 10 برو أسود,PF99601487736A,N53361285A,53361285,Order,delivered,12/29/2024,12/29/2024,1/1/2025,AED,342.0,-37.62,0.0,0,0.0,0.0,0.0,304.38
38594,2025-01-08,PS-38594-AE20250108,noon,NAEH10027823359,NAEH10027823359-1,Lenovo,"Renewed - ThinkPad T450s Laptop With 14-Inch Display,Intel Core i5 Processor/5th Gen/8GB RAM/256GB SSD/5500MB Intel HD Graphics/Windows 10 Pro Black",لينوفو,لابتوب ثينك باد مجدد T450s مع شاشة 14 بوصة ، معالج إنتل كور i5  الجيل الخامس / ذاكرة رام 8 جيجابايت / سعة تخزين 256 جيجابايت إس إس دي / إنتل يو اتش دى جرافيكس / نظام تشغيل ويندوز 10 برو أسود,PFA8062204275A,N53361285A,53361285,Order,delivered,1/6/2025,1/7/2025,1/8/2025,AED,323.5,-35.585,-13.5,0,0.0,0.0,0.0,274.415
38594,2025-01-08,PS-38594-AE20250108,noon,NAEH10089728484,NAEH10089728484-1,Lenovo,"Renewed - ThinkPad T450s Laptop With 14-Inch Display,Intel Core i5 Processor/5th Gen/8GB RAM/256GB SSD/5500MB Intel HD Graphics/Windows 10 Pro Black",لينوفو,لابتوب ثينك باد مجدد T450s مع شاشة 14 بوصة ، معالج إنتل كور i5  الجيل الخامس / ذاكرة رام 8 جيجابايت / سعة تخزين 256 جيجابايت إس إس دي / إنتل يو اتش دى جرافيكس / نظام تشغيل ويندوز 10 برو أسود,PF99753256921A,N53361285A,53361285,Order,delivered,1/6/2025,1/7/2025,1/7/2025,AED,323.75,-35.6125,-13.5,0,0.0,0.0,0.0,274.6375
38594,2025-01-08,PS-38594-AE20250108,noon,NAEH10009347808,NAEH10009347808-1,Lenovo,"Renewed - ThinkPad T450s Laptop With 14-Inch Display,Intel Core i5 Processor/5th Gen/8GB RAM/256GB SSD/5500MB Intel HD Graphics/Windows 10 Pro Black",لينوفو,لابتوب ثينك باد مجدد T450s مع شاشة 14 بوصة ، معالج إنتل كور i5  الجيل الخامس / ذاكرة رام 8 جيجابايت / سعة تخزين 256 جيجابايت إس إس دي / إنتل يو اتش دى جرافيكس / نظام تشغيل ويندوز 10 برو أسود,PF93743902529A,N53361285A,53361285,Order,returned,1/5/2025,1/5/2025,1/7/2025,AED,368.95,-40.5845,-13.5,0,0.0,0.0,0.0,314.8655
38594,2025-01-08,PS-38594-AE20250108,noon,NAEH10040403830,NAEH10040403830-1,Lenovo,"Renewed - ThinkPad T450s Laptop With 14-Inch Display,Intel Core i5 Processor/5th Gen/8GB RAM/256GB SSD/5500MB Intel HD Graphics/Windows 10 Pro Black",لينوفو,لابتوب ثينك باد مجدد T450s مع شاشة 14 بوصة ، معالج إنتل كور i5  الجيل الخامس / ذاكرة رام 8 جيجابايت / سعة تخزين 256 جيجابايت إس إس دي / إنتل يو اتش دى جرافيكس / نظام تشغيل ويندوز 10 برو أسود,PF91636222204A,N53361285A,53361285,Order,delivered,1/7/2025,1/8/2025,1/8/2025,AED,357.35,-39.3085,-13.5,0,0.0,0.0,0.0,304.5415
38594,2025-01-08,PS-38594-AE20250108,noon,NAEGC0073449781,NAEGC0073449781-1,Lenovo,"Renewed - ThinkPad T450s Laptop With 14-Inch Display,Intel Core i5 Processor/5th Gen/8GB RAM/256GB SSD/5500MB Intel HD Graphics/Windows 10 Pro Black",لينوفو,لابتوب ثينك باد مجدد T450s مع شاشة 14 بوصة ، معالج إنتل كور i5  الجيل الخامس / ذاكرة رام 8 جيجابايت / سعة تخزين 256 جيجابايت إس إس دي / إنتل يو اتش دى جرافيكس / نظام تشغيل ويندوز 10 برو أسود,PF96788698677A,N53361285A,53361285,Order,delivered,12/30/2024,12/30/2024,12/31/2024,AED,345.7,-38.027,0.0,0,0.0,0.0,0.0,307.673
38594,2025-01-08,PS-38594-AE20250108,noon,NAEH10060191669,NAEH10060191669-1,Lenovo,"Renewed - ThinkPad T450s Laptop With 14-Inch Display,Intel Core i5 Processor/5th Gen/8GB RAM/256GB SSD/5500MB Intel HD Graphics/Windows 10 Pro Black",لينوفو,لابتوب ثينك باد مجدد T450s مع شاشة 14 بوصة ، معالج إنتل كور i5  الجيل الخامس / ذاكرة رام 8 جيجابايت / سعة تخزين 256 جيجابايت إس إس دي / إنتل يو اتش دى جرافيكس / نظام تشغيل ويندوز 10 برو أسود,PFB3304813534A,N53361285A,53361285,Order,delivered,1/7/2025,1/7/2025,1/8/2025,AED,320.0,-35.2,-13.5,0,0.0,0.0,0.0,271.3
38594,2025-01-08,PS-38594-AE20250108,noon,NAEH10061472787,NAEH10061472787-1,Lenovo,"Renewed - ThinkPad T450s Laptop With 14-Inch Display,Intel Core i5 Processor/5th Gen/8GB RAM/256GB SSD/5500MB Intel HD Graphics/Windows 10 Pro Black",لينوفو,لابتوب ثينك باد مجدد T450s مع شاشة 14 بوصة ، معالج إنتل كور i5  الجيل الخامس / ذاكرة رام 8 جيجابايت / سعة تخزين 256 جيجابايت إس إس دي / إنتل يو اتش دى جرافيكس / نظام تشغيل ويندوز 10 برو أسود,PE10558938117A,N53361285A,53361285,Order,delivered,1/2/2025,1/4/2025,1/5/2025,AED,349.25,-38.4175,0.0,0,0.0,0.0,0.0,310.8325
38594,2025-01-08,PS-38594-AE20250108,noon,NAEH10055570510,NAEH10055570510-1,Lenovo,"Renewed - ThinkPad T450s Laptop With 14-Inch Display,Intel Core i5 Processor/5th Gen/8GB RAM/256GB SSD/5500MB Intel HD Graphics/Windows 10 Pro Black",لينوفو,لابتوب ثينك باد مجدد T450s مع شاشة 14 بوصة ، معالج إنتل كور i5  الجيل الخامس / ذاكرة رام 8 جيجابايت / سعة تخزين 256 جيجابايت إس إس دي / إنتل يو اتش دى جرافيكس / نظام تشغيل ويندوز 10 برو أسود,PFB6557227918A,N53361285A,53361285,Order,delivered,1/7/2025,1/7/2025,1/7/2025,AED,323.5,-35.585,-13.5,0,0.0,0.0,0.0,274.415
38594,2025-01-08,PS-38594-AE20250108,noon,NAEH10078649823,NAEH10078649823-1,Lenovo,"Renewed - ThinkPad T450s Laptop With 14-Inch Display,Intel Core i5 Processor/5th Gen/8GB RAM/256GB SSD/5500MB Intel HD Graphics/Windows 10 Pro Black",لينوفو,لابتوب ثينك باد مجدد T450s مع شاشة 14 بوصة ، معالج إنتل كور i5  الجيل الخامس / ذاكرة رام 8 جيجابايت / سعة تخزين 256 جيجابايت إس إس دي / إنتل يو اتش دى جرافيكس / نظام تشغيل ويندوز 10 برو أسود,PFA0246035371A,N53361285A,53361285,Order,delivered,1/5/2025,1/6/2025,1/7/2025,AED,368.95,-40.5845,-13.5,0,0.0,0.0,0.0,314.8655
38594,2025-01-08,PS-38594-AE20250108,noon,NAEH10053424486,NAEH10053424486-1,Lenovo,"Renewed - ThinkPad T450s Laptop With 14-Inch Display,Intel Core i5 Processor/5th Gen/8GB RAM/256GB SSD/5500MB Intel HD Graphics/Windows 10 Pro Black",لينوفو,لابتوب ثينك باد مجدد T450s مع شاشة 14 بوصة ، معالج إنتل كور i5  الجيل الخامس / ذاكرة رام 8 جيجابايت / سعة تخزين 256 جيجابايت إس إس دي / إنتل يو اتش دى جرافيكس / نظام تشغيل ويندوز 10 برو أسود,PFA0145139128A,N53361285A,53361285,Order,returned,1/6/2025,1/7/2025,1/7/2025,AED,323.75,-35.6125,-13.5,0,0.0,0.0,0.0,274.6375
38594,2025-01-08,PS-38594-AE20250108,noon,NAEH10018579289,NAEH10018579289-2,Lenovo,"Renewed - ThinkPad T450s Laptop With 14-Inch Display,Intel Core i5 Processor/5th Gen/8GB RAM/256GB SSD/5500MB Intel HD Graphics/Windows 10 Pro Black",لينوفو,لابتوب ثينك باد مجدد T450s مع شاشة 14 بوصة ، معالج إنتل كور i5  الجيل الخامس / ذاكرة رام 8 جيجابايت / سعة تخزين 256 جيجابايت إس إس دي / إنتل يو اتش دى جرافيكس / نظام تشغيل ويندوز 10 برو أسود,PFA5931821491A,N53361285A,53361285,Order,delivered,1/6/2025,1/6/2025,1/7/2025,AED,322.95,-35.5245,-13.5,0,0.0,0.0,0.0,273.9255
38594,2025-01-08,PS-38594-AE20250108,noon,NAEH10050486045,NAEH10050486045-1,Lenovo,"Renewed - ThinkPad T450s Laptop With 14-Inch Display,Intel Core i5 Processor/5th Gen/8GB RAM/256GB SSD/5500MB Intel HD Graphics/Windows 10 Pro Black",لينوفو,لابتوب ثينك باد مجدد T450s مع شاشة 14 بوصة ، معالج إنتل كور i5  الجيل الخامس / ذاكرة رام 8 جيجابايت / سعة تخزين 256 جيجابايت إس إس دي / إنتل يو اتش دى جرافيكس / نظام تشغيل ويندوز 10 برو أسود,PFA8728423500A,N53361285A,53361285,Order,delivered,1/6/2025,1/6/2025,1/7/2025,AED,342.0,-37.62,-13.5,0,0.0,0.0,0.0,290.88
38594,2025-01-08,PS-38594-AE20250108,noon,NAEGC0008833425,NAEGC0008833425-1,Lenovo,"Renewed - ThinkPad T450s Laptop With 14-Inch Display,Intel Core i5 Processor/5th Gen/8GB RAM/256GB SSD/5500MB Intel HD Graphics/Windows 10 Pro Black",لينوفو,لابتوب ثينك باد مجدد T450s مع شاشة 14 بوصة ، معالج إنتل كور i5  الجيل الخامس / ذاكرة رام 8 جيجابايت / سعة تخزين 256 جيجابايت إس إس دي / إنتل يو اتش دى جرافيكس / نظام تشغيل ويندوز 10 برو أسود,PF95396863958A,N53361285A,53361285,Order,delivered,12/30/2024,12/30/2024,1/1/2025,AED,345.7,-38.027,0.0,0,0.0,0.0,0.0,307.673
38594,2025-01-08,PS-38594-AE20250108,noon,NAEH10067488426,NAEH10067488426-1,Lenovo,"Renewed - ThinkPad T450s Laptop With 14-Inch Display,Intel Core i5 Processor/5th Gen/8GB RAM/256GB SSD/5500MB Intel HD Graphics/Windows 10 Pro Black",لينوفو,لابتوب ثينك باد مجدد T450s مع شاشة 14 بوصة ، معالج إنتل كور i5  الجيل الخامس / ذاكرة رام 8 جيجابايت / سعة تخزين 256 جيجابايت إس إس دي / إنتل يو اتش دى جرافيكس / نظام تشغيل ويندوز 10 برو أسود,PF90076411922A,N53361285A,53361285,Order,delivered,1/6/2025,1/7/2025,1/8/2025,AED,323.75,-35.6125,-13.5,0,0.0,0.0,0.0,274.6375
38594,2025-01-08,PS-38594-AE20250108,noon,NAEGC0028651542,NAEGC0028651542-1,Lenovo,"Renewed - ThinkPad T450s Laptop With 14-Inch Display,Intel Core i5 Processor/5th Gen/8GB RAM/256GB SSD/5500MB Intel HD Graphics/Windows 10 Pro Black",لينوفو,لابتوب ثينك باد مجدد T450s مع شاشة 14 بوصة ، معالج إنتل كور i5  الجيل الخامس / ذاكرة رام 8 جيجابايت / سعة تخزين 256 جيجابايت إس إس دي / إنتل يو اتش دى جرافيكس / نظام تشغيل ويندوز 10 برو أسود,PFA3736499628A,N53361285A,53361285,Order,returned,12/28/2024,12/29/2024,12/29/2024,AED,-344.75,37.9225,0.0,0,0.0,0.0,0.0,-306.8275
38594,2025-01-08,PS-38594-AE20250108,noon,NAEGC0005507885,NAEGC0005507885-1,Lenovo,"Renewed - ThinkPad T450s Laptop With 14-Inch Display,Intel Core i5 Processor/5th Gen/8GB RAM/256GB SSD/5500MB Intel HD Graphics/Windows 10 Pro Black",لينوفو,لابتوب ثينك باد مجدد T450s مع شاشة 14 بوصة ، معالج إنتل كور i5  الجيل الخامس / ذاكرة رام 8 جيجابايت / سعة تخزين 256 جيجابايت إس إس دي / إنتل يو اتش دى جرافيكس / نظام تشغيل ويندوز 10 برو أسود,PE66543172107A,N53361285A,53361285,Order,delivered,12/30/2024,12/31/2024,1/1/2025,AED,342.0,-37.62,0.0,0,0.0,4.761904762,0.0,309.1419048
38594,2025-01-08,PS-38594-AE20250108,noon,NAEH10095176408,NAEH10095176408-1,Lenovo,"Renewed - Thinkpad 11e Yoga Laptop With 11.6-Inch HD Touch Screen Display,Intel Celeron/4th Gen/4GB DDR4 RAM/256GB SSD/Windows 10 Pro English Black",لينوفو,"Renewed - Thinkpad 11e Yoga Laptop With 11.6-Inch HD Touch Screen Display,Intel Celeron/4th Gen/4GB DDR4 RAM/256GB SSD/Windows 10 Pro English Black",PE68350300235A,N70084865V-1,70084865,Order,delivered,1/6/2025,1/7/2025,1/8/2025,AED,350.0,-21.0,0.0,0,0.0,0.0,0.0,329.0
38594,2025-01-08,PS-38594-AE20250108,noon,NAEH10020083213,NAEH10020083213-2,DELL,Renewed - 65W C type Pin AC Adapter Black With Cable Black,ديل,Renewed - 65W C type Pin AC Adapter Black With Cable Black,PE69544598454A,N70110411V-1,70110411,Order,delivered,1/1/2025,1/1/2025,1/5/2025,AED,10.0,-1.3,0.0,0,0.0,3.1746,0.0,11.8746
38594,2025-01-08,PS-38594-AE20250108,noon,NAEGC0024227450,NAEGC0024227450-1,DELL,Renewed - 65W C type Pin AC Adapter Black With Cable Black,ديل,Renewed - 65W C type Pin AC Adapter Black With Cable Black,PE65328487648A,N70110411V-1,70110411,Order,delivered,12/31/2024,12/31/2024,1/4/2025,AED,16.0,-2.08,0.0,0,0.0,9.523809524,0.0,23.44380952
38594,2025-01-08,PS-38594-AE20250108,noon,NAEH10020083213,NAEH10020083213-1,DELL,Renewed - 65W C type Pin AC Adapter Black With Cable Black,ديل,Renewed - 65W C type Pin AC Adapter Black With Cable Black,PE65713601514A,N70110411V-1,70110411,Order,delivered,1/1/2025,1/1/2025,1/5/2025,AED,10.0,-1.3,0.0,0,0.0,3.1746,0.0,11.8746
38594,2025-01-08,PS-38594-AE20250108,noon,NAEH10020083213,NAEH10020083213-3,DELL,Renewed - 65W C type Pin AC Adapter Black With Cable Black,ديل,Renewed - 65W C type Pin AC Adapter Black With Cable Black,PE63594198377A,N70110411V-1,70110411,Order,delivered,1/1/2025,1/1/2025,1/5/2025,AED,10.0,-1.3,0.0,0,0.0,3.1746,0.0,11.8746
38594,2025-01-15,PS-38594-AE20250115,noon,,,,,,,,,,Inventory Removal Fee,shipped,,,,AED,0.0,0.0,0.0,0,0.0,0.0,316.3044,316.3044
38594,2025-01-15,PS-38594-AE20250115,noon,,,,,,,,,,Inventory Removal Fee (Subsidy),shipped,,,,AED,0.0,0.0,0.0,0,0.0,0.0,-75.0054,-75.0054
38594,2025-01-15,PS-38594-AE20250115,noon,,,,,,,,,,RTV Removal Fee,shipped,,,,AED,0.0,0.0,0.0,0,0.0,0.0,-20.79,-20.79
38594,2025-01-15,PS-38594-AE20250115,noon,,,,,,,,,,VAT Payable,shipped,,,,AED,0.0,0.0,0.0,0,0.0,0.0,-25.99,-25.99
38594,2025-01-15,PS-38594-AE20250115,noon,,,,,,,,,,Return Administration Fee,shipped,,,,AED,0.0,0.0,0.0,0,0.0,0.0,-8.12,-8.12
38594,2025-01-15,PS-38594-AE20250115,noon,,,,,,,,,,Return Administration Fee,shipped,,,,AED,0.0,0.0,0.0,0,0.0,0.0,-7.12,-7.12
38594,2025-01-15,PS-38594-AE20250115,noon,NAEH10065658763,NAEH10065658763-1,Lenovo,"Renewed - ThinkPad T450s Laptop With 14-Inch Display,Intel Core i5 Processor/5th Gen/8GB RAM/256GB SSD/5500MB Intel HD Graphics/Windows 10 Pro Black",لينوفو,لابتوب ثينك باد مجدد T450s مع شاشة 14 بوصة ، معالج إنتل كور i5  الجيل الخامس / ذاكرة رام 8 جيجابايت / سعة تخزين 256 جيجابايت إس إس دي / إنتل يو اتش دى جرافيكس / نظام تشغيل ويندوز 10 برو أسود,PFA2003592143A,N53361285A,53361285,Order,returned,1/11/2025,1/11/2025,1/12/2025,AED,0.0,0.0,-13.5,0,0.0,0.0,0.0,-13.5
38594,2025-01-15,PS-38594-AE20250115,noon,NAEH10049194877,NAEH10049194877-1,Lenovo,"Renewed - ThinkPad T450s Laptop With 14-Inch Display,Intel Core i5 Processor/5th Gen/8GB RAM/256GB SSD/5500MB Intel HD Graphics/Windows 10 Pro Black",لينوفو,لابتوب ثينك باد مجدد T450s مع شاشة 14 بوصة ، معالج إنتل كور i5  الجيل الخامس / ذاكرة رام 8 جيجابايت / سعة تخزين 256 جيجابايت إس إس دي / إنتل يو اتش دى جرافيكس / نظام تشغيل ويندوز 10 برو أسود,PFA9138502579A,N53361285A,53361285,Order,delivered,1/13/2025,1/13/2025,1/14/2025,AED,341.5,-37.565,-13.5,0,0.0,0.0,0.0,290.435
38594,2025-01-15,PS-38594-AE20250115,noon,NAEH10063542771,NAEH10063542771-1,Lenovo,"Renewed - ThinkPad T450s Laptop With 14-Inch Display,Intel Core i5 Processor/5th Gen/8GB RAM/256GB SSD/5500MB Intel HD Graphics/Windows 10 Pro Black",لينوفو,لابتوب ثينك باد مجدد T450s مع شاشة 14 بوصة ، معالج إنتل كور i5  الجيل الخامس / ذاكرة رام 8 جيجابايت / سعة تخزين 256 جيجابايت إس إس دي / إنتل يو اتش دى جرافيكس / نظام تشغيل ويندوز 10 برو أسود,PF96555432328A,N53361285A,53361285,Order,delivered,1/7/2025,1/8/2025,1/10/2025,AED,342.0,-37.62,-13.5,0,0.0,0.0,0.0,290.88
38594,2025-01-15,PS-38594-AE20250115,noon,NAEH10025371103,NAEH10025371103-3,Lenovo,"Renewed - ThinkPad T450s Laptop With 14-Inch Display,Intel Core i5 Processor/5th Gen/8GB RAM/256GB SSD/5500MB Intel HD Graphics/Windows 10 Pro Black",لينوفو,لابتوب ثينك باد مجدد T450s مع شاشة 14 بوصة ، معالج إنتل كور i5  الجيل الخامس / ذاكرة رام 8 جيجابايت / سعة تخزين 256 جيجابايت إس إس دي / إنتل يو اتش دى جرافيكس / نظام تشغيل ويندوز 10 برو أسود,PFA9428118270A,N53361285A,53361285,Order,returned,1/11/2025,1/11/2025,1/12/2025,AED,0.0,0.0,-13.5,0,0.0,0.0,0.0,-13.5
38594,2025-01-15,PS-38594-AE20250115,noon,NAEH10024859905,NAEH10024859905-1,Lenovo,"Renewed - ThinkPad T450s Laptop With 14-Inch Display,Intel Core i5 Processor/5th Gen/8GB RAM/256GB SSD/5500MB Intel HD Graphics/Windows 10 Pro Black",لينوفو,لابتوب ثينك باد مجدد T450s مع شاشة 14 بوصة ، معالج إنتل كور i5  الجيل الخامس / ذاكرة رام 8 جيجابايت / سعة تخزين 256 جيجابايت إس إس دي / إنتل يو اتش دى جرافيكس / نظام تشغيل ويندوز 10 برو أسود,PF96285782828A,N53361285A,53361285,Order,delivered,1/13/2025,1/13/2025,1/14/2025,AED,341.5,-37.565,-13.5,0,0.0,0.0,0.0,290.435
38594,2025-01-15,PS-38594-AE20250115,noon,NAEH10003660825,NAEH10003660825-1,Lenovo,"Renewed - ThinkPad T450s Laptop With 14-Inch Display,Intel Core i5 Processor/5th Gen/8GB RAM/256GB SSD/5500MB Intel HD Graphics/Windows 10 Pro Black",لينوفو,لابتوب ثينك باد مجدد T450s مع شاشة 14 بوصة ، معالج إنتل كور i5  الجيل الخامس / ذاكرة رام 8 جيجابايت / سعة تخزين 256 جيجابايت إس إس دي / إنتل يو اتش دى جرافيكس / نظام تشغيل ويندوز 10 برو أسود,PFA7839339530A,N53361285A,53361285,Order,delivered,1/13/2025,1/13/2025,1/15/2025,AED,341.5,-37.565,-13.5,0,0.0,0.0,0.0,290.435
38594,2025-01-15,PS-38594-AE20250115,noon,NAEH10089463817,NAEH10089463817-1,Lenovo,"Renewed - ThinkPad T450s Laptop With 14-Inch Display,Intel Core i5 Processor/5th Gen/8GB RAM/256GB SSD/5500MB Intel HD Graphics/Windows 10 Pro Black",لينوفو,لابتوب ثينك باد مجدد T450s مع شاشة 14 بوصة ، معالج إنتل كور i5  الجيل الخامس / ذاكرة رام 8 جيجابايت / سعة تخزين 256 جيجابايت إس إس دي / إنتل يو اتش دى جرافيكس / نظام تشغيل ويندوز 10 برو أسود,PF98121321291A,N53361285A,53361285,Order,delivered,1/11/2025,1/11/2025,1/12/2025,AED,341.5,-37.565,-13.5,0,0.0,0.0,0.0,290.435
38594,2025-01-15,PS-38594-AE20250115,noon,NAEH10053424486,NAEH10053424486-1,Lenovo,"Renewed - ThinkPad T450s Laptop With 14-Inch Display,Intel Core i5 Processor/5th Gen/8GB RAM/256GB SSD/5500MB Intel HD Graphics/Windows 10 Pro Black",لينوفو,لابتوب ثينك باد مجدد T450s مع شاشة 14 بوصة ، معالج إنتل كور i5  الجيل الخامس / ذاكرة رام 8 جيجابايت / سعة تخزين 256 جيجابايت إس إس دي / إنتل يو اتش دى جرافيكس / نظام تشغيل ويندوز 10 برو أسود,PFA0145139128A,N53361285A,53361285,Order,returned,1/6/2025,1/7/2025,1/7/2025,AED,-323.75,35.6125,0.0,0,0.0,0.0,0.0,-288.1375
38594,2025-01-15,PS-38594-AE20250115,noon,NAEH10003289430,NAEH10003289430-1,Lenovo,"Renewed - ThinkPad T450s Laptop With 14-Inch Display,Intel Core i5 Processor/5th Gen/8GB RAM/256GB SSD/5500MB Intel HD Graphics/Windows 10 Pro Black",لينوفو,لابتوب ثينك باد مجدد T450s مع شاشة 14 بوصة ، معالج إنتل كور i5  الجيل الخامس / ذاكرة رام 8 جيجابايت / سعة تخزين 256 جيجابايت إس إس دي / إنتل يو اتش دى جرافيكس / نظام تشغيل ويندوز 10 برو أسود,PF91166974508A,N53361285A,53361285,Order,delivered,1/12/2025,1/12/2025,1/13/2025,AED,341.5,-37.565,-13.5,0,0.0,0.0,0.0,290.435
38594,2025-01-15,PS-38594-AE20250115,noon,NAEH10031443808,NAEH10031443808-1,Lenovo,"Renewed - ThinkPad T450s Laptop With 14-Inch Display,Intel Core i5 Processor/5th Gen/8GB RAM/256GB SSD/5500MB Intel HD Graphics/Windows 10 Pro Black",لينوفو,لابتوب ثينك باد مجدد T450s مع شاشة 14 بوصة ، معالج إنتل كور i5  الجيل الخامس / ذاكرة رام 8 جيجابايت / سعة تخزين 256 جيجابايت إس إس دي / إنتل يو اتش دى جرافيكس / نظام تشغيل ويندوز 10 برو أسود,PF91751393585A,N53361285A,53361285,Order,returned,1/12/2025,1/12/2025,1/13/2025,AED,341.5,-37.565,-13.5,0,0.0,0.0,0.0,290.435
38594,2025-01-15,PS-38594-AE20250115,noon,NAEH10011972893,NAEH10011972893-1,Lenovo,"Renewed - ThinkPad T450s Laptop With 14-Inch Display,Intel Core i5 Processor/5th Gen/8GB RAM/256GB SSD/5500MB Intel HD Graphics/Windows 10 Pro Black",لينوفو,لابتوب ثينك باد مجدد T450s مع شاشة 14 بوصة ، معالج إنتل كور i5  الجيل الخامس / ذاكرة رام 8 جيجابايت / سعة تخزين 256 جيجابايت إس إس دي / إنتل يو اتش دى جرافيكس / نظام تشغيل ويندوز 10 برو أسود,PF97841447444A,N53361285A,53361285,Order,delivered,1/11/2025,1/12/2025,1/13/2025,AED,341.5,-37.565,-13.5,0,0.0,0.0,0.0,290.435
38594,2025-01-15,PS-38594-AE20250115,noon,NAEH10040665328,NAEH10040665328-1,Lenovo,"Renewed - ThinkPad T450s Laptop With 14-Inch Display,Intel Core i5 Processor/5th Gen/8GB RAM/256GB SSD/5500MB Intel HD Graphics/Windows 10 Pro Black",لينوفو,لابتوب ثينك باد مجدد T450s مع شاشة 14 بوصة ، معالج إنتل كور i5  الجيل الخامس / ذاكرة رام 8 جيجابايت / سعة تخزين 256 جيجابايت إس إس دي / إنتل يو اتش دى جرافيكس / نظام تشغيل ويندوز 10 برو أسود,PF95429779701A,N53361285A,53361285,Order,delivered,1/12/2025,1/12/2025,1/13/2025,AED,341.5,-37.565,-13.5,0,0.0,0.0,0.0,290.435
38594,2025-01-15,PS-38594-AE20250115,noon,NAEGC0078139026,NAEGC0078139026-3,Lenovo,"Renewed - ThinkPad T450s Laptop With 14-Inch Display,Intel Core i5 Processor/5th Gen/8GB RAM/256GB SSD/5500MB Intel HD Graphics/Windows 10 Pro Black",لينوفو,لابتوب ثينك باد مجدد T450s مع شاشة 14 بوصة ، معالج إنتل كور i5  الجيل الخامس / ذاكرة رام 8 جيجابايت / سعة تخزين 256 جيجابايت إس إس دي / إنتل يو اتش دى جرافيكس / نظام تشغيل ويندوز 10 برو أسود,PF99722212972A,N53361285A,53361285,Order,returned,12/30/2024,12/30/2024,12/31/2024,AED,-343.9,37.829,0.0,0,0.0,0.0,0.0,-306.071
38594,2025-01-15,PS-38594-AE20250115,noon,NAEH10034705141,NAEH10034705141-1,Lenovo,"Renewed - ThinkPad T450s Laptop With 14-Inch Display,Intel Core i5 Processor/5th Gen/8GB RAM/256GB SSD/5500MB Intel HD Graphics/Windows 10 Pro Black",لينوفو,لابتوب ثينك باد مجدد T450s مع شاشة 14 بوصة ، معالج إنتل كور i5  الجيل الخامس / ذاكرة رام 8 جيجابايت / سعة تخزين 256 جيجابايت إس إس دي / إنتل يو اتش دى جرافيكس / نظام تشغيل ويندوز 10 برو أسود,PF98870640419A,N53361285A,53361285,Order,delivered,1/13/2025,1/13/2025,1/13/2025,AED,341.5,-37.565,-13.5,0,0.0,0.0,0.0,290.435
38594,2025-01-15,PS-38594-AE20250115,noon,NAEH10025371103,NAEH10025371103-2,Lenovo,"Renewed - ThinkPad T450s Laptop With 14-Inch Display,Intel Core i5 Processor/5th Gen/8GB RAM/256GB SSD/5500MB Intel HD Graphics/Windows 10 Pro Black",لينوفو,لابتوب ثينك باد مجدد T450s مع شاشة 14 بوصة ، معالج إنتل كور i5  الجيل الخامس / ذاكرة رام 8 جيجابايت / سعة تخزين 256 جيجابايت إس إس دي / إنتل يو اتش دى جرافيكس / نظام تشغيل ويندوز 10 برو أسود,PFA9428118270A,N53361285A,53361285,Order,delivered,1/11/2025,1/11/2025,1/12/2025,AED,341.5,-37.565,-13.5,0,0.0,0.0,0.0,290.435
38594,2025-01-15,PS-38594-AE20250115,noon,NAEH10081202411,NAEH10081202411-1,Lenovo,"Renewed - ThinkPad T450s Laptop With 14-Inch Display,Intel Core i5 Processor/5th Gen/8GB RAM/256GB SSD/5500MB Intel HD Graphics/Windows 10 Pro Black",لينوفو,لابتوب ثينك باد مجدد T450s مع شاشة 14 بوصة ، معالج إنتل كور i5  الجيل الخامس / ذاكرة رام 8 جيجابايت / سعة تخزين 256 جيجابايت إس إس دي / إنتل يو اتش دى جرافيكس / نظام تشغيل ويندوز 10 برو أسود,PF96024797614A,N53361285A,53361285,Order,returned,1/11/2025,1/11/2025,1/11/2025,AED,341.5,-37.565,-13.5,0,0.0,0.0,0.0,290.435
38594,2025-01-15,PS-38594-AE20250115,noon,NAEH10009347808,NAEH10009347808-1,Lenovo,"Renewed - ThinkPad T450s Laptop With 14-Inch Display,Intel Core i5 Processor/5th Gen/8GB RAM/256GB SSD/5500MB Intel HD Graphics/Windows 10 Pro Black",لينوفو,لابتوب ثينك باد مجدد T450s مع شاشة 14 بوصة ، معالج إنتل كور i5  الجيل الخامس / ذاكرة رام 8 جيجابايت / سعة تخزين 256 جيجابايت إس إس دي / إنتل يو اتش دى جرافيكس / نظام تشغيل ويندوز 10 برو أسود,PF93743902529A,N53361285A,53361285,Order,returned,1/5/2025,1/5/2025,1/7/2025,AED,-368.95,40.5845,0.0,0,0.0,0.0,0.0,-328.3655
38594,2025-01-15,PS-38594-AE20250115,noon,NAEH10017441671,NAEH10017441671-1,Lenovo,"Renewed - ThinkPad T450s Laptop With 14-Inch Display,Intel Core i5 Processor/5th Gen/8GB RAM/256GB SSD/5500MB Intel HD Graphics/Windows 10 Pro Black",لينوفو,لابتوب ثينك باد مجدد T450s مع شاشة 14 بوصة ، معالج إنتل كور i5  الجيل الخامس / ذاكرة رام 8 جيجابايت / سعة تخزين 256 جيجابايت إس إس دي / إنتل يو اتش دى جرافيكس / نظام تشغيل ويندوز 10 برو أسود,PF91194444694A,N53361285A,53361285,Order,delivered,1/12/2025,1/12/2025,1/13/2025,AED,341.5,-37.565,-13.5,0,0.0,0.0,0.0,290.435
38594,2025-01-15,PS-38594-AE20250115,noon,NAEH10028528922,NAEH10028528922-1,Lenovo,"Renewed - ThinkPad T450s Laptop With 14-Inch Display,Intel Core i5 Processor/5th Gen/8GB RAM/256GB SSD/5500MB Intel HD Graphics/Windows 10 Pro Black",لينوفو,لابتوب ثينك باد مجدد T450s مع شاشة 14 بوصة ، معالج إنتل كور i5  الجيل الخامس / ذاكرة رام 8 جيجابايت / سعة تخزين 256 جيجابايت إس إس دي / إنتل يو اتش دى جرافيكس / نظام تشغيل ويندوز 10 برو أسود,PF90743714736A,N53361285A,53361285,Order,delivered,1/13/2025,1/13/2025,1/14/2025,AED,341.5,-37.565,-13.5,0,0.0,0.0,0.0,290.435
38594,2025-01-15,PS-38594-AE20250115,noon,NAEH10032222649,NAEH10032222649-1,Lenovo,"Renewed - ThinkPad T450s Laptop With 14-Inch Display,Intel Core i5 Processor/5th Gen/8GB RAM/256GB SSD/5500MB Intel HD Graphics/Windows 10 Pro Black",لينوفو,لابتوب ثينك باد مجدد T450s مع شاشة 14 بوصة ، معالج إنتل كور i5  الجيل الخامس / ذاكرة رام 8 جيجابايت / سعة تخزين 256 جيجابايت إس إس دي / إنتل يو اتش دى جرافيكس / نظام تشغيل ويندوز 10 برو أسود,PF99821887928A,N53361285A,53361285,Order,delivered,1/13/2025,1/13/2025,1/14/2025,AED,341.5,-37.565,-13.5,0,0.0,0.0,0.0,290.435
38594,2025-01-15,PS-38594-AE20250115,noon,NAEH10028528922,NAEH10028528922-2,Lenovo,"Renewed - ThinkPad T450s Laptop With 14-Inch Display,Intel Core i5 Processor/5th Gen/8GB RAM/256GB SSD/5500MB Intel HD Graphics/Windows 10 Pro Black",لينوفو,لابتوب ثينك باد مجدد T450s مع شاشة 14 بوصة ، معالج إنتل كور i5  الجيل الخامس / ذاكرة رام 8 جيجابايت / سعة تخزين 256 جيجابايت إس إس دي / إنتل يو اتش دى جرافيكس / نظام تشغيل ويندوز 10 برو أسود,PF90743714736A,N53361285A,53361285,Order,delivered,1/13/2025,1/13/2025,1/14/2025,AED,341.5,-37.565,-13.5,0,0.0,0.0,0.0,290.435
38594,2025-01-15,PS-38594-AE20250115,noon,NAEH10095176408,NAEH10095176408-1,Lenovo,"Renewed - Thinkpad 11e Yoga Laptop With 11.6-Inch HD Touch Screen Display,Intel Celeron/4th Gen/4GB DDR4 RAM/256GB SSD/Windows 10 Pro English Black",لينوفو,"Renewed - Thinkpad 11e Yoga Laptop With 11.6-Inch HD Touch Screen Display,Intel Celeron/4th Gen/4GB DDR4 RAM/256GB SSD/Windows 10 Pro English Black",PE68350300235A,N70084865V-1,70084865,Order,delivered,1/6/2025,1/7/2025,1/8/2025,AED,0.0,0.0,0.0,0,0.0,4.761904762,0.0,4.761904762
38594,2025-01-22,PS-38594-AE20250122,noon,,,,,,,,,,VAT Payable,shipped,,,,AED,0.0,0.0,0.0,0,0.0,0.0,-20.63,-20.63
38594,2025-01-22,PS-38594-AE20250122,noon,,,,,,,,,,Return Administration Fee,shipped,,,,AED,0.0,0.0,0.0,0,0.0,0.0,-7.51,-7.51
38594,2025-01-22,PS-38594-AE20250122,noon,NAEGC0063783644,NAEGC0063783644-1,,,,,,,,Cancellation Fee,,12/31/2024,,,AED,0.0,0.0,0.0,0,0.0,0.0,-19.52,-19.52
38594,2025-01-22,PS-38594-AE20250122,noon,NAEGC0044829231,NAEGC0044829231-1,,,,,,,,Cancellation Fee,,12/30/2024,,,AED,0.0,0.0,0.0,0,0.0,0.0,-20.52,-20.52
38594,2025-01-22,PS-38594-AE20250122,noon,,,,,,,,,,Return Administration Fee,shipped,,,,AED,0.0,0.0,0.0,0,0.0,0.0,-3.18,-3.18
38594,2025-01-22,PS-38594-AE20250122,noon,NAEH10033158234,,,,,,PE64952513142A,,,Directship Outbound Fee,shipped,1/14/2025,,,AED,0.0,0.0,0.0,0,0.0,0.0,-15.5,-15.5
38594,2025-01-22,PS-38594-AE20250122,noon,NAEGC0080128950,NAEGC0080128950-1,,,,,,,,Cancellation Fee,,12/30/2024,,,AED,0.0,0.0,0.0,0,0.0,0.0,-20.52,-20.52
38594,2025-01-22,PS-38594-AE20250122,noon,NAEH10033158234,NAEH10033158234-1,Lenovo,"Refurbished - Thinkpad T450 Notebook Laptop With 14-Inch Display,Intel Core i5 Processor/5th Gen/16GB RAM/256GB SSD/Intel HD Graphics 5550 English Black",لينوفو,مستعمل ومجدد - لابتوب نوت بوك ثينك باد T450 (2015) بشاشة مقاس 14 بوصة ومعالج إنتل كور i5/ الجيل الخامس/ ذاكرة رام سعة 16 جيجابايت/ محرك أقراص SSD سعة 240 جيجابايت/ بطاقة رسومات إنتل 5550 عالية الوضوح سعة 1 جيجابايت اللغة الإنجليزية أسود,PE64952513142A,N51438096A,51438096,Order,delivered,1/14/2025,1/15/2025,1/16/2025,AED,350.0,-38.5,0.0,0,0.0,4.761904762,0.0,316.2619048
38594,2025-01-22,PS-38594-AE20250122,noon,NAEH10031443808,NAEH10031443808-1,Lenovo,"Renewed - ThinkPad T450s Laptop With 14-Inch Display,Intel Core i5 Processor/5th Gen/8GB RAM/256GB SSD/5500MB Intel HD Graphics/Windows 10 Pro Black",لينوفو,لابتوب ثينك باد مجدد T450s مع شاشة 14 بوصة ، معالج إنتل كور i5  الجيل الخامس / ذاكرة رام 8 جيجابايت / سعة تخزين 256 جيجابايت إس إس دي / إنتل يو اتش دى جرافيكس / نظام تشغيل ويندوز 10 برو أسود,PF91751393585A,N53361285A,53361285,Order,returned,1/12/2025,1/12/2025,1/13/2025,AED,-341.5,37.565,0.0,0,0.0,0.0,0.0,-303.935
38594,2025-01-22,PS-38594-AE20250122,noon,NAEH10064319071,NAEH10064319071-1,Lenovo,"Renewed - ThinkPad T450s Laptop With 14-Inch Display,Intel Core i5 Processor/5th Gen/8GB RAM/256GB SSD/5500MB Intel HD Graphics/Windows 10 Pro Black",لينوفو,لابتوب ثينك باد مجدد T450s مع شاشة 14 بوصة ، معالج إنتل كور i5  الجيل الخامس / ذاكرة رام 8 جيجابايت / سعة تخزين 256 جيجابايت إس إس دي / إنتل يو اتش دى جرافيكس / نظام تشغيل ويندوز 10 برو أسود,PF99871170442A,N53361285A,53361285,Order,delivered,1/20/2025,1/20/2025,1/21/2025,AED,343.45,-37.7795,-13.5,0,0.0,0.0,0.0,292.1705
38594,2025-01-22,PS-38594-AE20250122,noon,NAEH10024383068,NAEH10024383068-1,Lenovo,"Renewed - ThinkPad T450s Laptop With 14-Inch Display,Intel Core i5 Processor/5th Gen/8GB RAM/256GB SSD/5500MB Intel HD Graphics/Windows 10 Pro Black",لينوفو,لابتوب ثينك باد مجدد T450s مع شاشة 14 بوصة ، معالج إنتل كور i5  الجيل الخامس / ذاكرة رام 8 جيجابايت / سعة تخزين 256 جيجابايت إس إس دي / إنتل يو اتش دى جرافيكس / نظام تشغيل ويندوز 10 برو أسود,PF94870139888A,N53361285A,53361285,Order,delivered,1/20/2025,1/20/2025,1/21/2025,AED,343.45,-37.7795,-13.5,0,0.0,0.0,0.0,292.1705
38594,2025-01-22,PS-38594-AE20250122,noon,NAEH10021222296,NAEH10021222296-3,Lenovo,"Renewed - ThinkPad T450s Laptop With 14-Inch Display,Intel Core i5 Processor/5th Gen/8GB RAM/256GB SSD/5500MB Intel HD Graphics/Windows 10 Pro Black",لينوفو,لابتوب ثينك باد مجدد T450s مع شاشة 14 بوصة ، معالج إنتل كور i5  الجيل الخامس / ذاكرة رام 8 جيجابايت / سعة تخزين 256 جيجابايت إس إس دي / إنتل يو اتش دى جرافيكس / نظام تشغيل ويندوز 10 برو أسود,PF96810537607A,N53361285A,53361285,Order,returned,1/19/2025,1/20/2025,1/20/2025,AED,363.95,-40.0345,-13.5,0,0.0,0.0,0.0,310.4155
38594,2025-01-22,PS-38594-AE20250122,noon,NAEH10021222296,NAEH10021222296-2,Lenovo,"Renewed - ThinkPad T450s Laptop With 14-Inch Display,Intel Core i5 Processor/5th Gen/8GB RAM/256GB SSD/5500MB Intel HD Graphics/Windows 10 Pro Black",لينوفو,لابتوب ثينك باد مجدد T450s مع شاشة 14 بوصة ، معالج إنتل كور i5  الجيل الخامس / ذاكرة رام 8 جيجابايت / سعة تخزين 256 جيجابايت إس إس دي / إنتل يو اتش دى جرافيكس / نظام تشغيل ويندوز 10 برو أسود,PF96810537607A,N53361285A,53361285,Order,returned,1/19/2025,1/20/2025,1/20/2025,AED,363.95,-40.0345,-13.5,0,0.0,0.0,0.0,310.4155
38594,2025-01-22,PS-38594-AE20250122,noon,NAEH10021222296,NAEH10021222296-1,Lenovo,"Renewed - ThinkPad T450s Laptop With 14-Inch Display,Intel Core i5 Processor/5th Gen/8GB RAM/256GB SSD/5500MB Intel HD Graphics/Windows 10 Pro Black",لينوفو,لابتوب ثينك باد مجدد T450s مع شاشة 14 بوصة ، معالج إنتل كور i5  الجيل الخامس / ذاكرة رام 8 جيجابايت / سعة تخزين 256 جيجابايت إس إس دي / إنتل يو اتش دى جرافيكس / نظام تشغيل ويندوز 10 برو أسود,PF96810537607A,N53361285A,53361285,Order,returned,1/19/2025,1/20/2025,1/20/2025,AED,363.95,-40.0345,-13.5,0,0.0,0.0,0.0,310.4155
38594,2025-01-22,PS-38594-AE20250122,noon,NAEH10038478539,NAEH10038478539-1,Lenovo,"Renewed - Thinkpad 11e Yoga Laptop With 11.6-Inch HD Touch Screen Display,Intel Celeron/4th Gen/4GB DDR4 RAM/256GB SSD/Windows 10 Pro English Black",لينوفو,"Renewed - Thinkpad 11e Yoga Laptop With 11.6-Inch HD Touch Screen Display,Intel Celeron/4th Gen/4GB DDR4 RAM/256GB SSD/Windows 10 Pro English Black",PF94885301729A,N70084865V-1,70084865,Order,returned,1/15/2025,1/15/2025,1/16/2025,AED,0.0,0.0,-13.5,0,0.0,0.0,0.0,-13.5
38594,2025-01-22,PS-38594-AE20250122,noon,NAEH10036798004,NAEH10036798004-2,Lenovo,"Renewed - Thinkpad 11e Yoga Laptop With 11.6-Inch HD Touch Screen Display,Intel Celeron/4th Gen/4GB DDR4 RAM/256GB SSD/Windows 10 Pro English Black",لينوفو,"Renewed - Thinkpad 11e Yoga Laptop With 11.6-Inch HD Touch Screen Display,Intel Celeron/4th Gen/4GB DDR4 RAM/256GB SSD/Windows 10 Pro English Black",PF91757551643A,N70084865V-1,70084865,Order,delivered,1/19/2025,1/20/2025,1/21/2025,AED,289.0,-15.895,-13.5,0,0.0,0.0,0.0,259.605
38594,2025-01-22,PS-38594-AE20250122,noon,NAEH10002862528,NAEH10002862528-1,Lenovo,"Renewed - Thinkpad 11e Yoga Laptop With 11.6-Inch HD Touch Screen Display,Intel Celeron/4th Gen/4GB DDR4 RAM/256GB SSD/Windows 10 Pro English Black",لينوفو,"Renewed - Thinkpad 11e Yoga Laptop With 11.6-Inch HD Touch Screen Display,Intel Celeron/4th Gen/4GB DDR4 RAM/256GB SSD/Windows 10 Pro English Black",PF90048068491A,N70084865V-1,70084865,Order,delivered,1/21/2025,1/21/2025,1/22/2025,AED,289.0,-15.895,0.0,0,0.0,0.0,0.0,273.105
38594,2025-01-29,PS-38594-AE20250129,noon,,,,,,,,,,Return Administration Fee,shipped,,,,AED,0.0,0.0,0.0,0,0.0,0.0,-8.01,-8.01
38594,2025-01-29,PS-38594-AE20250129,noon,,,,,,,,,,Non-saleable Item Storage Fee,shipped,,,,AED,0.0,0.0,0.0,0,0.0,0.0,-3.6042,-3.6042
38594,2025-01-29,PS-38594-AE20250129,noon,,,,,,,,,,Return Administration Fee,shipped,,,,AED,0.0,0.0,0.0,0,0.0,0.0,-7.51,-7.51
38594,2025-01-29,PS-38594-AE20250129,noon,NAEH10027197161,,,,,,PE67635494109A,,,Directship Outbound Fee,shipped,1/22/2025,,,AED,0.0,0.0,0.0,0,0.0,0.0,-18.5,-18.5
38594,2025-01-29,PS-38594-AE20250129,noon,,,,,,,,,,VAT Payable,shipped,,,,AED,0.0,0.0,0.0,0,0.0,0.0,-39.7,-39.7
38594,2025-01-29,PS-38594-AE20250129,noon,NAEH10070762734,,,,,,PE67140451048A,,,Directship Outbound Fee,shipped,1/22/2025,,,AED,0.0,0.0,0.0,0,0.0,0.0,-18.5,-18.5
38594,2025-01-29,PS-38594-AE20250129,noon,,,,,,,,,,Monthly Storage Fee,shipped,,,,AED,0.0,0.0,0.0,0,0.0,0.0,-4.3543,-4.3543
38594,2025-01-29,PS-38594-AE20250129,noon,NAEH10057433973,NAEH10057433973-1,Lenovo,"Renewed - ThinkPad T470 Laptop With 14-Inch Display,Intel Core i5 Processor/6th Gen/16GB RAM/256GB SSD/Intel HD Graphics English Black",لينوفو,مجدد - لابتوب ثينك باد T470 بشاشة مقاس 14 بوصة ومعالج إنتل كور i5 من الجيل السادس وذاكرة رام سعة 16 جيجابايت ومحرك أقراص SSD سعة 256 جيجابايت وبطاقة رسومات إنتل عالية الوضوح اللغة الإنجليزية أسود,PF94518253494A,N49798238A,49798238,Order,delivered,1/25/2025,1/26/2025,1/27/2025,AED,407.1,-44.781,-13.5,0,0.0,0.0,0.0,348.819
38594,2025-01-29,PS-38594-AE20250129,noon,NAEH10017737923,NAEH10017737923-1,Lenovo,"Renewed - ThinkPad T470 Laptop With 14-Inch Display,Intel Core i5 Processor/6th Gen/16GB RAM/256GB SSD/Intel HD Graphics English Black",لينوفو,مجدد - لابتوب ثينك باد T470 بشاشة مقاس 14 بوصة ومعالج إنتل كور i5 من الجيل السادس وذاكرة رام سعة 16 جيجابايت ومحرك أقراص SSD سعة 256 جيجابايت وبطاقة رسومات إنتل عالية الوضوح اللغة الإنجليزية أسود,PF98186347087A,N49798238A,49798238,Order,delivered,1/26/2025,1/26/2025,1/27/2025,AED,407.1,-44.781,-13.5,0,0.0,0.0,0.0,348.819
38594,2025-01-29,PS-38594-AE20250129,noon,NAEH10034513276,NAEH10034513276-1,Lenovo,"Renewed - ThinkPad T470 Laptop With 14-Inch Display,Intel Core i5 Processor/6th Gen/16GB RAM/256GB SSD/Intel HD Graphics English Black",لينوفو,مجدد - لابتوب ثينك باد T470 بشاشة مقاس 14 بوصة ومعالج إنتل كور i5 من الجيل السادس وذاكرة رام سعة 16 جيجابايت ومحرك أقراص SSD سعة 256 جيجابايت وبطاقة رسومات إنتل عالية الوضوح اللغة الإنجليزية أسود,PF90983422071A,N49798238A,49798238,Order,delivered,1/26/2025,1/26/2025,1/26/2025,AED,407.1,-44.781,-13.5,0,0.0,0.0,0.0,348.819
38594,2025-01-29,PS-38594-AE20250129,noon,NAEH10021486672,NAEH10021486672-1,Lenovo,"Renewed - ThinkPad T470 Laptop With 14-Inch Display,Intel Core i5 Processor/6th Gen/16GB RAM/256GB SSD/Intel HD Graphics English Black",لينوفو,مجدد - لابتوب ثينك باد T470 بشاشة مقاس 14 بوصة ومعالج إنتل كور i5 من الجيل السادس وذاكرة رام سعة 16 جيجابايت ومحرك أقراص SSD سعة 256 جيجابايت وبطاقة رسومات إنتل عالية الوضوح اللغة الإنجليزية أسود,PF92574442357A,N49798238A,49798238,Order,returned,1/25/2025,1/26/2025,1/27/2025,AED,407.1,-44.781,-13.5,0,0.0,0.0,0.0,348.819
38594,2025-01-29,PS-38594-AE20250129,noon,NAEH10034082614,NAEH10034082614-3,Lenovo,"Renewed - ThinkPad T470 Laptop With 14-Inch Display,Intel Core i5 Processor/6th Gen/16GB RAM/256GB SSD/Intel HD Graphics English Black",لينوفو,مجدد - لابتوب ثينك باد T470 بشاشة مقاس 14 بوصة ومعالج إنتل كور i5 من الجيل السادس وذاكرة رام سعة 16 جيجابايت ومحرك أقراص SSD سعة 256 جيجابايت وبطاقة رسومات إنتل عالية الوضوح اللغة الإنجليزية أسود,PF99267597878A,N49798238A,49798238,Order,returned,1/26/2025,1/26/2025,1/26/2025,AED,0.0,0.0,-13.5,0,0.0,0.0,0.0,-13.5
38594,2025-01-29,PS-38594-AE20250129,noon,NAEH10081898599,NAEH10081898599-1,Lenovo,"Renewed - ThinkPad T470 Laptop With 14-Inch Display,Intel Core i5 Processor/6th Gen/16GB RAM/256GB SSD/Intel HD Graphics English Black",لينوفو,مجدد - لابتوب ثينك باد T470 بشاشة مقاس 14 بوصة ومعالج إنتل كور i5 من الجيل السادس وذاكرة رام سعة 16 جيجابايت ومحرك أقراص SSD سعة 256 جيجابايت وبطاقة رسومات إنتل عالية الوضوح اللغة الإنجليزية أسود,PFA8300361874A,N49798238A,49798238,Order,delivered,1/27/2025,1/27/2025,1/28/2025,AED,406.7,-44.737,-13.5,0,0.0,0.0,0.0,348.463
38594,2025-01-29,PS-38594-AE20250129,noon,NAEH10014982132,NAEH10014982132-1,Lenovo,"Renewed - ThinkPad T450s Laptop With 14-Inch Display,Intel Core i5 Processor/5th Gen/8GB RAM/256GB SSD/5500MB Intel HD Graphics/Windows 10 Pro Black",لينوفو,لابتوب ثينك باد مجدد T450s مع شاشة 14 بوصة ، معالج إنتل كور i5  الجيل الخامس / ذاكرة رام 8 جيجابايت / سعة تخزين 256 جيجابايت إس إس دي / إنتل يو اتش دى جرافيكس / نظام تشغيل ويندوز 10 برو أسود,PFB1072266607A,N53361285A,53361285,Order,delivered,1/25/2025,1/25/2025,1/26/2025,AED,335.35,-36.8885,-13.5,0,0.0,0.0,0.0,284.9615
38594,2025-01-29,PS-38594-AE20250129,noon,NAEH10024459640,NAEH10024459640-1,Lenovo,"Renewed - ThinkPad T450s Laptop With 14-Inch Display,Intel Core i5 Processor/5th Gen/8GB RAM/256GB SSD/5500MB Intel HD Graphics/Windows 10 Pro Black",لينوفو,لابتوب ثينك باد مجدد T450s مع شاشة 14 بوصة ، معالج إنتل كور i5  الجيل الخامس / ذاكرة رام 8 جيجابايت / سعة تخزين 256 جيجابايت إس إس دي / إنتل يو اتش دى جرافيكس / نظام تشغيل ويندوز 10 برو أسود,PF95820979025A,N53361285A,53361285,Order,delivered,1/26/2025,1/27/2025,1/28/2025,AED,335.35,-36.8885,-13.5,0,0.0,0.0,0.0,284.9615
38594,2025-01-29,PS-38594-AE20250129,noon,NAEH10048004042,NAEH10048004042-1,Lenovo,"Renewed - ThinkPad T450s Laptop With 14-Inch Display,Intel Core i5 Processor/5th Gen/8GB RAM/256GB SSD/5500MB Intel HD Graphics/Windows 10 Pro Black",لينوفو,لابتوب ثينك باد مجدد T450s مع شاشة 14 بوصة ، معالج إنتل كور i5  الجيل الخامس / ذاكرة رام 8 جيجابايت / سعة تخزين 256 جيجابايت إس إس دي / إنتل يو اتش دى جرافيكس / نظام تشغيل ويندوز 10 برو أسود,PF99168998865A,N53361285A,53361285,Order,returned,1/25/2025,1/26/2025,1/27/2025,AED,0.0,0.0,-13.5,0,0.0,0.0,0.0,-13.5
38594,2025-01-29,PS-38594-AE20250129,noon,NAEH10070762734,NAEH10070762734-1,Lenovo,"Renewed - ThinkPad T450s Laptop With 14-Inch Display,Intel Core i5 Processor/5th Gen/8GB RAM/256GB SSD/5500MB Intel HD Graphics/Windows 10 Pro Black",لينوفو,لابتوب ثينك باد مجدد T450s مع شاشة 14 بوصة ، معالج إنتل كور i5  الجيل الخامس / ذاكرة رام 8 جيجابايت / سعة تخزين 256 جيجابايت إس إس دي / إنتل يو اتش دى جرافيكس / نظام تشغيل ويندوز 10 برو أسود,PE67140451048A,N53361285A,53361285,Order,delivered,1/22/2025,1/23/2025,1/25/2025,AED,320.0,-35.2,0.0,0,0.0,4.761904762,0.0,289.5619048
38594,2025-01-29,PS-38594-AE20250129,noon,NAEH10015829665,NAEH10015829665-1,Lenovo,"Renewed - ThinkPad T450s Laptop With 14-Inch Display,Intel Core i5 Processor/5th Gen/8GB RAM/256GB SSD/5500MB Intel HD Graphics/Windows 10 Pro Black",لينوفو,لابتوب ثينك باد مجدد T450s مع شاشة 14 بوصة ، معالج إنتل كور i5  الجيل الخامس / ذاكرة رام 8 جيجابايت / سعة تخزين 256 جيجابايت إس إس دي / إنتل يو اتش دى جرافيكس / نظام تشغيل ويندوز 10 برو أسود,PF98482421639A,N53361285A,53361285,Order,delivered,1/26/2025,1/26/2025,1/27/2025,AED,335.6,-36.916,-13.5,0,0.0,0.0,0.0,285.184
38594,2025-01-29,PS-38594-AE20250129,noon,NAEH10065217893,NAEH10065217893-3,Lenovo,"Renewed - ThinkPad T450s Laptop With 14-Inch Display,Intel Core i5 Processor/5th Gen/8GB RAM/256GB SSD/5500MB Intel HD Graphics/Windows 10 Pro Black",لينوفو,لابتوب ثينك باد مجدد T450s مع شاشة 14 بوصة ، معالج إنتل كور i5  الجيل الخامس / ذاكرة رام 8 جيجابايت / سعة تخزين 256 جيجابايت إس إس دي / إنتل يو اتش دى جرافيكس / نظام تشغيل ويندوز 10 برو أسود,PFB4285453275A,N53361285A,53361285,Order,delivered,1/25/2025,1/26/2025,1/27/2025,AED,335.6,-36.916,-13.5,0,0.0,0.0,0.0,285.184
38594,2025-01-29,PS-38594-AE20250129,noon,NAEH10091867114,NAEH10091867114-1,Lenovo,"Renewed - ThinkPad T450s Laptop With 14-Inch Display,Intel Core i5 Processor/5th Gen/8GB RAM/256GB SSD/5500MB Intel HD Graphics/Windows 10 Pro Black",لينوفو,لابتوب ثينك باد مجدد T450s مع شاشة 14 بوصة ، معالج إنتل كور i5  الجيل الخامس / ذاكرة رام 8 جيجابايت / سعة تخزين 256 جيجابايت إس إس دي / إنتل يو اتش دى جرافيكس / نظام تشغيل ويندوز 10 برو أسود,PF95478639586A,N53361285A,53361285,Order,delivered,1/26/2025,1/26/2025,1/26/2025,AED,335.6,-36.916,-13.5,0,0.0,0.0,0.0,285.184
38594,2025-01-29,PS-38594-AE20250129,noon,NAEH10021222296,NAEH10021222296-1,Lenovo,"Renewed - ThinkPad T450s Laptop With 14-Inch Display,Intel Core i5 Processor/5th Gen/8GB RAM/256GB SSD/5500MB Intel HD Graphics/Windows 10 Pro Black",لينوفو,لابتوب ثينك باد مجدد T450s مع شاشة 14 بوصة ، معالج إنتل كور i5  الجيل الخامس / ذاكرة رام 8 جيجابايت / سعة تخزين 256 جيجابايت إس إس دي / إنتل يو اتش دى جرافيكس / نظام تشغيل ويندوز 10 برو أسود,PF96810537607A,N53361285A,53361285,Order,returned,1/19/2025,1/20/2025,1/20/2025,AED,-363.95,40.0345,0.0,0,0.0,0.0,0.0,-323.9155
38594,2025-01-29,PS-38594-AE20250129,noon,NAEH10010687680,NAEH10010687680-1,Lenovo,"Renewed - ThinkPad T450s Laptop With 14-Inch Display,Intel Core i5 Processor/5th Gen/8GB RAM/256GB SSD/5500MB Intel HD Graphics/Windows 10 Pro Black",لينوفو,لابتوب ثينك باد مجدد T450s مع شاشة 14 بوصة ، معالج إنتل كور i5  الجيل الخامس / ذاكرة رام 8 جيجابايت / سعة تخزين 256 جيجابايت إس إس دي / إنتل يو اتش دى جرافيكس / نظام تشغيل ويندوز 10 برو أسود,PF95653689313A,N53361285A,53361285,Order,delivered,1/27/2025,1/27/2025,1/28/2025,AED,335.25,-36.8775,-13.5,0,0.0,0.0,0.0,284.8725
38594,2025-01-29,PS-38594-AE20250129,noon,NAEH10021222296,NAEH10021222296-2,Lenovo,"Renewed - ThinkPad T450s Laptop With 14-Inch Display,Intel Core i5 Processor/5th Gen/8GB RAM/256GB SSD/5500MB Intel HD Graphics/Windows 10 Pro Black",لينوفو,لابتوب ثينك باد مجدد T450s مع شاشة 14 بوصة ، معالج إنتل كور i5  الجيل الخامس / ذاكرة رام 8 جيجابايت / سعة تخزين 256 جيجابايت إس إس دي / إنتل يو اتش دى جرافيكس / نظام تشغيل ويندوز 10 برو أسود,PF96810537607A,N53361285A,53361285,Order,returned,1/19/2025,1/20/2025,1/20/2025,AED,-363.95,40.0345,0.0,0,0.0,0.0,0.0,-323.9155
38594,2025-01-29,PS-38594-AE20250129,noon,NAEH10081055372,NAEH10081055372-1,Lenovo,"Renewed - ThinkPad T450s Laptop With 14-Inch Display,Intel Core i5 Processor/5th Gen/8GB RAM/256GB SSD/5500MB Intel HD Graphics/Windows 10 Pro Black",لينوفو,لابتوب ثينك باد مجدد T450s مع شاشة 14 بوصة ، معالج إنتل كور i5  الجيل الخامس / ذاكرة رام 8 جيجابايت / سعة تخزين 256 جيجابايت إس إس دي / إنتل يو اتش دى جرافيكس / نظام تشغيل ويندوز 10 برو أسود,PF92381421321A,N53361285A,53361285,Order,delivered,1/26/2025,1/27/2025,1/28/2025,AED,335.6,-36.916,-13.5,0,0.0,0.0,0.0,285.184
38594,2025-01-29,PS-38594-AE20250129,noon,NAEH10021222296,NAEH10021222296-3,Lenovo,"Renewed - ThinkPad T450s Laptop With 14-Inch Display,Intel Core i5 Processor/5th Gen/8GB RAM/256GB SSD/5500MB Intel HD Graphics/Windows 10 Pro Black",لينوفو,لابتوب ثينك باد مجدد T450s مع شاشة 14 بوصة ، معالج إنتل كور i5  الجيل الخامس / ذاكرة رام 8 جيجابايت / سعة تخزين 256 جيجابايت إس إس دي / إنتل يو اتش دى جرافيكس / نظام تشغيل ويندوز 10 برو أسود,PF96810537607A,N53361285A,53361285,Order,returned,1/19/2025,1/20/2025,1/20/2025,AED,-363.95,40.0345,0.0,0,0.0,0.0,0.0,-323.9155
38594,2025-01-29,PS-38594-AE20250129,noon,NAEH10001654533,NAEH10001654533-1,Lenovo,"Renewed - ThinkPad T450s Laptop With 14-Inch Display,Intel Core i5 Processor/5th Gen/8GB RAM/256GB SSD/5500MB Intel HD Graphics/Windows 10 Pro Black",لينوفو,لابتوب ثينك باد مجدد T450s مع شاشة 14 بوصة ، معالج إنتل كور i5  الجيل الخامس / ذاكرة رام 8 جيجابايت / سعة تخزين 256 جيجابايت إس إس دي / إنتل يو اتش دى جرافيكس / نظام تشغيل ويندوز 10 برو أسود,PF99518160168A,N53361285A,53361285,Order,returned,1/26/2025,1/26/2025,1/27/2025,AED,335.6,-36.916,-13.5,0,0.0,0.0,0.0,285.184
38594,2025-01-29,PS-38594-AE20250129,noon,NAEH10081202411,NAEH10081202411-1,Lenovo,"Renewed - ThinkPad T450s Laptop With 14-Inch Display,Intel Core i5 Processor/5th Gen/8GB RAM/256GB SSD/5500MB Intel HD Graphics/Windows 10 Pro Black",لينوفو,لابتوب ثينك باد مجدد T450s مع شاشة 14 بوصة ، معالج إنتل كور i5  الجيل الخامس / ذاكرة رام 8 جيجابايت / سعة تخزين 256 جيجابايت إس إس دي / إنتل يو اتش دى جرافيكس / نظام تشغيل ويندوز 10 برو أسود,PF96024797614A,N53361285A,53361285,Order,returned,1/11/2025,1/11/2025,1/11/2025,AED,-341.5,37.565,0.0,0,0.0,0.0,0.0,-303.935
38594,2025-01-29,PS-38594-AE20250129,noon,NAEH10047363227,NAEH10047363227-1,Lenovo,"Renewed - Thinkpad 11e Yoga Laptop With 11.6-Inch HD Touch Screen Display,Intel Celeron/4th Gen/4GB DDR4 RAM/256GB SSD/Windows 10 Pro English Black",لينوفو,"Renewed - Thinkpad 11e Yoga Laptop With 11.6-Inch HD Touch Screen Display,Intel Celeron/4th Gen/4GB DDR4 RAM/256GB SSD/Windows 10 Pro English Black",PF90895503796A,N70084865V-1,70084865,Order,delivered,1/26/2025,1/26/2025,1/27/2025,AED,289.0,-15.895,-13.5,0,0.0,0.0,0.0,259.605
38594,2025-01-29,PS-38594-AE20250129,noon,NAEH10002887912,NAEH10002887912-2,Lenovo,"Renewed - Thinkpad 11e Yoga Laptop With 11.6-Inch HD Touch Screen Display,Intel Celeron/4th Gen/4GB DDR4 RAM/256GB SSD/Windows 10 Pro English Black",لينوفو,"Renewed - Thinkpad 11e Yoga Laptop With 11.6-Inch HD Touch Screen Display,Intel Celeron/4th Gen/4GB DDR4 RAM/256GB SSD/Windows 10 Pro English Black",PF98079905570A,N70084865V-1,70084865,Order,delivered,1/25/2025,1/25/2025,1/25/2025,AED,289.0,-15.895,-13.5,0,0.0,0.0,0.0,259.605
38594,2025-01-29,PS-38594-AE20250129,noon,NAEH10091748150,NAEH10091748150-1,Lenovo,"Renewed - Thinkpad 11e Yoga Laptop With 11.6-Inch HD Touch Screen Display,Intel Celeron/4th Gen/4GB DDR4 RAM/256GB SSD/Windows 10 Pro English Black",لينوفو,"Renewed - Thinkpad 11e Yoga Laptop With 11.6-Inch HD Touch Screen Display,Intel Celeron/4th Gen/4GB DDR4 RAM/256GB SSD/Windows 10 Pro English Black",PF98442982671A,N70084865V-1,70084865,Order,delivered,1/28/2025,1/28/2025,1/29/2025,AED,289.0,-15.895,-13.5,0,0.0,0.0,0.0,259.605
38594,2025-01-29,PS-38594-AE20250129,noon,NAEH10060530285,NAEH10060530285-1,Lenovo,"Renewed - Thinkpad 11e Yoga Laptop With 11.6-Inch HD Touch Screen Display,Intel Celeron/4th Gen/4GB DDR4 RAM/256GB SSD/Windows 10 Pro English Black",لينوفو,"Renewed - Thinkpad 11e Yoga Laptop With 11.6-Inch HD Touch Screen Display,Intel Celeron/4th Gen/4GB DDR4 RAM/256GB SSD/Windows 10 Pro English Black",PF98778353815A,N70084865V-1,70084865,Order,delivered,1/24/2025,1/24/2025,1/25/2025,AED,289.0,-15.895,-13.5,0,0.0,0.0,0.0,259.605
38594,2025-01-29,PS-38594-AE20250129,noon,NAEH10002862528,NAEH10002862528-1,Lenovo,"Renewed - Thinkpad 11e Yoga Laptop With 11.6-Inch HD Touch Screen Display,Intel Celeron/4th Gen/4GB DDR4 RAM/256GB SSD/Windows 10 Pro English Black",لينوفو,"Renewed - Thinkpad 11e Yoga Laptop With 11.6-Inch HD Touch Screen Display,Intel Celeron/4th Gen/4GB DDR4 RAM/256GB SSD/Windows 10 Pro English Black",PF90048068491A,N70084865V-1,70084865,Order,delivered,1/21/2025,1/21/2025,1/22/2025,AED,0.0,0.0,-13.5,0,0.0,0.0,0.0,-13.5
